<annotation>
	<folder>rats</folder>
	<filename>01-26703-ratte2-w3053.jpg</filename>
	<path>/home/bnc/Bilderkennung/collection/rats/01-26703-ratte2-w3053.jpg</path>
	<source>
		<database>Unknown</database>
	</source>
	<size>
		<width>590</width>
		<height>465</height>
		<depth>3</depth>
	</size>
	<segmented>0</segmented>
	<object>
		<name>rat</name>
		<pose>Unspecified</pose>
		<truncated>1</truncated>
		<difficult>0</difficult>
		<bndbox>
			<xmin>190</xmin>
			<ymin>12</ymin>
			<xmax>507</xmax>
			<ymax>465</ymax>
		</bndbox>
	</object>
</annotation>
