<annotation>
	<folder>rats</folder>
	<filename>01-rat-friends-nationalgeographic_1162144.jpg</filename>
	<path>/home/bnc/Bilderkennung/collection/rats/01-rat-friends-nationalgeographic_1162144.jpg</path>
	<source>
		<database>Unknown</database>
	</source>
	<size>
		<width>600</width>
		<height>400</height>
		<depth>3</depth>
	</size>
	<segmented>0</segmented>
	<object>
		<name>rat</name>
		<pose>Unspecified</pose>
		<truncated>0</truncated>
		<difficult>0</difficult>
		<bndbox>
			<xmin>80</xmin>
			<ymin>20</ymin>
			<xmax>473</xmax>
			<ymax>366</ymax>
		</bndbox>
	</object>
</annotation>
