<annotation>
	<folder>rats</folder>
	<filename>011725-ratte-w3011.jpg</filename>
	<path>/home/bnc/Bilderkennung/collection/rats/011725-ratte-w3011.jpg</path>
	<source>
		<database>Unknown</database>
	</source>
	<size>
		<width>371</width>
		<height>362</height>
		<depth>3</depth>
	</size>
	<segmented>0</segmented>
	<object>
		<name>rat</name>
		<pose>Unspecified</pose>
		<truncated>0</truncated>
		<difficult>0</difficult>
		<bndbox>
			<xmin>53</xmin>
			<ymin>13</ymin>
			<xmax>342</xmax>
			<ymax>337</ymax>
		</bndbox>
	</object>
</annotation>
