<annotation>
	<folder>rats</folder>
	<filename>0_big.jpg</filename>
	<path>/home/bnc/Bilderkennung/collection/rats/0_big.jpg</path>
	<source>
		<database>Unknown</database>
	</source>
	<size>
		<width>466</width>
		<height>465</height>
		<depth>3</depth>
	</size>
	<segmented>0</segmented>
	<object>
		<name>rat</name>
		<pose>Unspecified</pose>
		<truncated>0</truncated>
		<difficult>0</difficult>
		<bndbox>
			<xmin>55</xmin>
			<ymin>49</ymin>
			<xmax>410</xmax>
			<ymax>404</ymax>
		</bndbox>
	</object>
</annotation>
