<annotation>
	<folder>rats</folder>
	<filename>1-ratten-bekaempfen-492486990.jpg</filename>
	<path>/home/bnc/Bilderkennung/collection/rats/1-ratten-bekaempfen-492486990.jpg</path>
	<source>
		<database>Unknown</database>
	</source>
	<size>
		<width>600</width>
		<height>400</height>
		<depth>3</depth>
	</size>
	<segmented>0</segmented>
	<object>
		<name>rat</name>
		<pose>Unspecified</pose>
		<truncated>0</truncated>
		<difficult>0</difficult>
		<bndbox>
			<xmin>72</xmin>
			<ymin>18</ymin>
			<xmax>529</xmax>
			<ymax>387</ymax>
		</bndbox>
	</object>
</annotation>
