<annotation>
	<folder>rats</folder>
	<filename>108-Ratte-Portrait-stage-w2966.jpg</filename>
	<path>/home/bnc/Bilderkennung/collection/rats/108-Ratte-Portrait-stage-w2966.jpg</path>
	<source>
		<database>Unknown</database>
	</source>
	<size>
		<width>538</width>
		<height>345</height>
		<depth>3</depth>
	</size>
	<segmented>0</segmented>
	<object>
		<name>rat</name>
		<pose>Unspecified</pose>
		<truncated>0</truncated>
		<difficult>0</difficult>
		<bndbox>
			<xmin>55</xmin>
			<ymin>27</ymin>
			<xmax>523</xmax>
			<ymax>332</ymax>
		</bndbox>
	</object>
</annotation>
