<annotation>
	<folder>rats</folder>
	<filename>109-Ratte-Freilauf-stage-w3001.jpg</filename>
	<path>/home/bnc/Bilderkennung/collection/rats/109-Ratte-Freilauf-stage-w3001.jpg</path>
	<source>
		<database>Unknown</database>
	</source>
	<size>
		<width>453</width>
		<height>341</height>
		<depth>3</depth>
	</size>
	<segmented>0</segmented>
	<object>
		<name>rat</name>
		<pose>Unspecified</pose>
		<truncated>1</truncated>
		<difficult>0</difficult>
		<bndbox>
			<xmin>50</xmin>
			<ymin>1</ymin>
			<xmax>283</xmax>
			<ymax>179</ymax>
		</bndbox>
	</object>
</annotation>
