<annotation>
	<folder>rats</folder>
	<filename>1200px-Ratte-Vache-w2986.jpg</filename>
	<path>/home/bnc/Bilderkennung/collection/rats/1200px-Ratte-Vache-w2986.jpg</path>
	<source>
		<database>Unknown</database>
	</source>
	<size>
		<width>600</width>
		<height>468</height>
		<depth>3</depth>
	</size>
	<segmented>0</segmented>
	<object>
		<name>rat</name>
		<pose>Unspecified</pose>
		<truncated>0</truncated>
		<difficult>0</difficult>
		<bndbox>
			<xmin>29</xmin>
			<ymin>39</ymin>
			<xmax>518</xmax>
			<ymax>461</ymax>
		</bndbox>
	</object>
</annotation>
