<annotation>
	<folder>rats</folder>
	<filename>1200px-WildRat.jpg</filename>
	<path>/home/bnc/Bilderkennung/collection/rats/1200px-WildRat.jpg</path>
	<source>
		<database>Unknown</database>
	</source>
	<size>
		<width>600</width>
		<height>450</height>
		<depth>3</depth>
	</size>
	<segmented>0</segmented>
	<object>
		<name>rat</name>
		<pose>Unspecified</pose>
		<truncated>0</truncated>
		<difficult>0</difficult>
		<bndbox>
			<xmin>70</xmin>
			<ymin>40</ymin>
			<xmax>482</xmax>
			<ymax>377</ymax>
		</bndbox>
	</object>
</annotation>
