<annotation>
	<folder>rats</folder>
	<filename>121-Ratte-Krankheiten-vorbeugen-stage-w3057.jpg</filename>
	<path>/home/bnc/Bilderkennung/collection/rats/121-Ratte-Krankheiten-vorbeugen-stage-w3057.jpg</path>
	<source>
		<database>Unknown</database>
	</source>
	<size>
		<width>940</width>
		<height>386</height>
		<depth>3</depth>
	</size>
	<segmented>0</segmented>
	<object>
		<name>rat</name>
		<pose>Unspecified</pose>
		<truncated>0</truncated>
		<difficult>0</difficult>
		<bndbox>
			<xmin>393</xmin>
			<ymin>32</ymin>
			<xmax>802</xmax>
			<ymax>382</ymax>
		</bndbox>
	</object>
</annotation>
