<annotation>
	<folder>rats</folder>
	<filename>126303257_760x570.jpg</filename>
	<path>/home/bnc/Bilderkennung/collection/rats/126303257_760x570.jpg</path>
	<source>
		<database>Unknown</database>
	</source>
	<size>
		<width>760</width>
		<height>324</height>
		<depth>3</depth>
	</size>
	<segmented>0</segmented>
	<object>
		<name>rat</name>
		<pose>Unspecified</pose>
		<truncated>0</truncated>
		<difficult>0</difficult>
		<bndbox>
			<xmin>19</xmin>
			<ymin>105</ymin>
			<xmax>235</xmax>
			<ymax>292</ymax>
		</bndbox>
	</object>
	<object>
		<name>rat</name>
		<pose>Unspecified</pose>
		<truncated>0</truncated>
		<difficult>0</difficult>
		<bndbox>
			<xmin>230</xmin>
			<ymin>57</ymin>
			<xmax>510</xmax>
			<ymax>225</ymax>
		</bndbox>
	</object>
	<object>
		<name>rat</name>
		<pose>Unspecified</pose>
		<truncated>0</truncated>
		<difficult>0</difficult>
		<bndbox>
			<xmin>534</xmin>
			<ymin>22</ymin>
			<xmax>692</xmax>
			<ymax>200</ymax>
		</bndbox>
	</object>
</annotation>
