<annotation>
	<folder>rats</folder>
	<filename>13333913_ml-862x575.jpg</filename>
	<path>/home/bnc/Bilderkennung/collection/rats/13333913_ml-862x575.jpg</path>
	<source>
		<database>Unknown</database>
	</source>
	<size>
		<width>862</width>
		<height>575</height>
		<depth>3</depth>
	</size>
	<segmented>0</segmented>
	<object>
		<name>rat</name>
		<pose>Unspecified</pose>
		<truncated>0</truncated>
		<difficult>0</difficult>
		<bndbox>
			<xmin>54</xmin>
			<ymin>156</ymin>
			<xmax>321</xmax>
			<ymax>417</ymax>
		</bndbox>
	</object>
	<object>
		<name>rat</name>
		<pose>Unspecified</pose>
		<truncated>0</truncated>
		<difficult>0</difficult>
		<bndbox>
			<xmin>217</xmin>
			<ymin>98</ymin>
			<xmax>505</xmax>
			<ymax>259</ymax>
		</bndbox>
	</object>
	<object>
		<name>rat</name>
		<pose>Unspecified</pose>
		<truncated>0</truncated>
		<difficult>0</difficult>
		<bndbox>
			<xmin>293</xmin>
			<ymin>235</ymin>
			<xmax>603</xmax>
			<ymax>483</ymax>
		</bndbox>
	</object>
	<object>
		<name>rat</name>
		<pose>Unspecified</pose>
		<truncated>0</truncated>
		<difficult>0</difficult>
		<bndbox>
			<xmin>514</xmin>
			<ymin>179</ymin>
			<xmax>844</xmax>
			<ymax>426</ymax>
		</bndbox>
	</object>
</annotation>
