<annotation>
	<folder>rats</folder>
	<filename>14-06-06-ratte-w3066.jpg</filename>
	<path>/home/bnc/Bilderkennung/collection/rats/14-06-06-ratte-w3066.jpg</path>
	<source>
		<database>Unknown</database>
	</source>
	<size>
		<width>716</width>
		<height>477</height>
		<depth>3</depth>
	</size>
	<segmented>0</segmented>
	<object>
		<name>rat</name>
		<pose>Unspecified</pose>
		<truncated>0</truncated>
		<difficult>0</difficult>
		<bndbox>
			<xmin>102</xmin>
			<ymin>105</ymin>
			<xmax>559</xmax>
			<ymax>419</ymax>
		</bndbox>
	</object>
</annotation>
