<annotation>
	<folder>rats</folder>
	<filename>140609_ratte_thumbnail-w3047.jpg</filename>
	<path>/home/bnc/Bilderkennung/collection/rats/140609_ratte_thumbnail-w3047.jpg</path>
	<source>
		<database>Unknown</database>
	</source>
	<size>
		<width>768</width>
		<height>440</height>
		<depth>3</depth>
	</size>
	<segmented>0</segmented>
	<object>
		<name>rat</name>
		<pose>Unspecified</pose>
		<truncated>0</truncated>
		<difficult>0</difficult>
		<bndbox>
			<xmin>150</xmin>
			<ymin>47</ymin>
			<xmax>756</xmax>
			<ymax>255</ymax>
		</bndbox>
	</object>
</annotation>
