<annotation>
	<folder>rats</folder>
	<filename>153bc5ba-d4da-535d-b7c8-c237e901efb4.jpg</filename>
	<path>/home/bnc/Bilderkennung/collection/rats/153bc5ba-d4da-535d-b7c8-c237e901efb4.jpg</path>
	<source>
		<database>Unknown</database>
	</source>
	<size>
		<width>858</width>
		<height>483</height>
		<depth>3</depth>
	</size>
	<segmented>0</segmented>
	<object>
		<name>rat</name>
		<pose>Unspecified</pose>
		<truncated>0</truncated>
		<difficult>0</difficult>
		<bndbox>
			<xmin>124</xmin>
			<ymin>111</ymin>
			<xmax>407</xmax>
			<ymax>383</ymax>
		</bndbox>
	</object>
	<object>
		<name>rat</name>
		<pose>Unspecified</pose>
		<truncated>0</truncated>
		<difficult>0</difficult>
		<bndbox>
			<xmin>364</xmin>
			<ymin>121</ymin>
			<xmax>787</xmax>
			<ymax>409</ymax>
		</bndbox>
	</object>
</annotation>
