<annotation>
	<folder>rats</folder>
	<filename>190226-1029-29-70674508-389cb2005bcb26e2-w2974.jpg</filename>
	<path>/home/bnc/Bilderkennung/collection/rats/190226-1029-29-70674508-389cb2005bcb26e2-w2974.jpg</path>
	<source>
		<database>Unknown</database>
	</source>
	<size>
		<width>495</width>
		<height>461</height>
		<depth>3</depth>
	</size>
	<segmented>0</segmented>
	<object>
		<name>rat</name>
		<pose>Unspecified</pose>
		<truncated>0</truncated>
		<difficult>0</difficult>
		<bndbox>
			<xmin>109</xmin>
			<ymin>52</ymin>
			<xmax>425</xmax>
			<ymax>388</ymax>
		</bndbox>
	</object>
</annotation>
