<annotation>
	<folder>rats</folder>
	<filename>190207-rat-editorial.jpg</filename>
	<path>/home/bnc/Bilderkennung/collection/rats/190207-rat-editorial.jpg</path>
	<source>
		<database>Unknown</database>
	</source>
	<size>
		<width>669</width>
		<height>380</height>
		<depth>3</depth>
	</size>
	<segmented>0</segmented>
	<object>
		<name>rat</name>
		<pose>Unspecified</pose>
		<truncated>1</truncated>
		<difficult>0</difficult>
		<bndbox>
			<xmin>1</xmin>
			<ymin>72</ymin>
			<xmax>299</xmax>
			<ymax>363</ymax>
		</bndbox>
	</object>
	<object>
		<name>rat</name>
		<pose>Unspecified</pose>
		<truncated>0</truncated>
		<difficult>0</difficult>
		<bndbox>
			<xmin>350</xmin>
			<ymin>32</ymin>
			<xmax>649</xmax>
			<ymax>340</ymax>
		</bndbox>
	</object>
</annotation>
