<annotation>
	<folder>rats</folder>
	<filename>19067408556_4d0c8e475a_b.jpg</filename>
	<path>/home/bnc/Bilderkennung/collection/rats/19067408556_4d0c8e475a_b.jpg</path>
	<source>
		<database>Unknown</database>
	</source>
	<size>
		<width>1024</width>
		<height>683</height>
		<depth>3</depth>
	</size>
	<segmented>0</segmented>
	<object>
		<name>rat</name>
		<pose>Unspecified</pose>
		<truncated>0</truncated>
		<difficult>0</difficult>
		<bndbox>
			<xmin>175</xmin>
			<ymin>100</ymin>
			<xmax>665</xmax>
			<ymax>540</ymax>
		</bndbox>
	</object>
</annotation>
