<annotation>
	<folder>rats</folder>
	<filename>191008-0821-ratte-w3063.jpg</filename>
	<path>/home/bnc/Bilderkennung/collection/rats/191008-0821-ratte-w3063.jpg</path>
	<source>
		<database>Unknown</database>
	</source>
	<size>
		<width>1060</width>
		<height>770</height>
		<depth>3</depth>
	</size>
	<segmented>0</segmented>
	<object>
		<name>rat</name>
		<pose>Unspecified</pose>
		<truncated>0</truncated>
		<difficult>0</difficult>
		<bndbox>
			<xmin>172</xmin>
			<ymin>173</ymin>
			<xmax>902</xmax>
			<ymax>609</ymax>
		</bndbox>
	</object>
</annotation>
