<annotation>
	<folder>rats</folder>
	<filename>19357712px610x425s-w3027.jpg</filename>
	<path>/home/bnc/Bilderkennung/collection/rats/19357712px610x425s-w3027.jpg</path>
	<source>
		<database>Unknown</database>
	</source>
	<size>
		<width>610</width>
		<height>425</height>
		<depth>3</depth>
	</size>
	<segmented>0</segmented>
	<object>
		<name>rat</name>
		<pose>Unspecified</pose>
		<truncated>0</truncated>
		<difficult>0</difficult>
		<bndbox>
			<xmin>159</xmin>
			<ymin>37</ymin>
			<xmax>536</xmax>
			<ymax>383</ymax>
		</bndbox>
	</object>
</annotation>
