<annotation>
	<folder>rats</folder>
	<filename>28ZIMMER3-superJumbo-v2.jpg</filename>
	<path>/home/bnc/Bilderkennung/collection/rats/28ZIMMER3-superJumbo-v2.jpg</path>
	<source>
		<database>Unknown</database>
	</source>
	<size>
		<width>787</width>
		<height>535</height>
		<depth>3</depth>
	</size>
	<segmented>0</segmented>
	<object>
		<name>rat</name>
		<pose>Unspecified</pose>
		<truncated>0</truncated>
		<difficult>0</difficult>
		<bndbox>
			<xmin>36</xmin>
			<ymin>169</ymin>
			<xmax>249</xmax>
			<ymax>372</ymax>
		</bndbox>
	</object>
	<object>
		<name>rat</name>
		<pose>Unspecified</pose>
		<truncated>0</truncated>
		<difficult>0</difficult>
		<bndbox>
			<xmin>288</xmin>
			<ymin>11</ymin>
			<xmax>752</xmax>
			<ymax>516</ymax>
		</bndbox>
	</object>
</annotation>
