<annotation>
	<folder>rats</folder>
	<filename>3-rat-w2906.jpg</filename>
	<path>/home/bnc/Bilderkennung/collection/rats/3-rat-w2906.jpg</path>
	<source>
		<database>Unknown</database>
	</source>
	<size>
		<width>802</width>
		<height>655</height>
		<depth>3</depth>
	</size>
	<segmented>0</segmented>
	<object>
		<name>rat</name>
		<pose>Unspecified</pose>
		<truncated>0</truncated>
		<difficult>0</difficult>
		<bndbox>
			<xmin>83</xmin>
			<ymin>27</ymin>
			<xmax>711</xmax>
			<ymax>622</ymax>
		</bndbox>
	</object>
</annotation>
