<annotation>
	<folder>rats</folder>
	<filename>3000-sydney.jpg</filename>
	<path>/home/bnc/Bilderkennung/collection/rats/3000-sydney.jpg</path>
	<source>
		<database>Unknown</database>
	</source>
	<size>
		<width>1200</width>
		<height>1200</height>
		<depth>3</depth>
	</size>
	<segmented>0</segmented>
	<object>
		<name>rat</name>
		<pose>Unspecified</pose>
		<truncated>0</truncated>
		<difficult>0</difficult>
		<bndbox>
			<xmin>34</xmin>
			<ymin>139</ymin>
			<xmax>569</xmax>
			<ymax>976</ymax>
		</bndbox>
	</object>
	<object>
		<name>rat</name>
		<pose>Unspecified</pose>
		<truncated>0</truncated>
		<difficult>0</difficult>
		<bndbox>
			<xmin>484</xmin>
			<ymin>269</ymin>
			<xmax>1066</xmax>
			<ymax>1062</ymax>
		</bndbox>
	</object>
</annotation>
