<annotation>
	<folder>rats</folder>
	<filename>313773200-oli_ratte_290519_4c2-Kea-w2970.jpg</filename>
	<path>/home/bnc/Bilderkennung/collection/rats/313773200-oli_ratte_290519_4c2-Kea-w2970.jpg</path>
	<source>
		<database>Unknown</database>
	</source>
	<size>
		<width>772</width>
		<height>454</height>
		<depth>3</depth>
	</size>
	<segmented>0</segmented>
	<object>
		<name>rat</name>
		<pose>Unspecified</pose>
		<truncated>1</truncated>
		<difficult>0</difficult>
		<bndbox>
			<xmin>30</xmin>
			<ymin>1</ymin>
			<xmax>709</xmax>
			<ymax>427</ymax>
		</bndbox>
	</object>
</annotation>
