<annotation>
	<folder>rats</folder>
	<filename>3210750_1_lightbox_peine-kleine-ratte-frisst-in-einer-parkanlage-in-berlin-abfall-foto-arno-burgi-archiv-p.jpg</filename>
	<path>/home/bnc/Bilderkennung/collection/rats/3210750_1_lightbox_peine-kleine-ratte-frisst-in-einer-parkanlage-in-berlin-abfall-foto-arno-burgi-archiv-p.jpg</path>
	<source>
		<database>Unknown</database>
	</source>
	<size>
		<width>1000</width>
		<height>666</height>
		<depth>3</depth>
	</size>
	<segmented>0</segmented>
	<object>
		<name>rat</name>
		<pose>Unspecified</pose>
		<truncated>1</truncated>
		<difficult>0</difficult>
		<bndbox>
			<xmin>238</xmin>
			<ymin>1</ymin>
			<xmax>873</xmax>
			<ymax>520</ymax>
		</bndbox>
	</object>
</annotation>
