<annotation>
	<folder>rats</folder>
	<filename>4-format43-w2984.jpg</filename>
	<path>/home/bnc/Bilderkennung/collection/rats/4-format43-w2984.jpg</path>
	<source>
		<database>Unknown</database>
	</source>
	<size>
		<width>948</width>
		<height>530</height>
		<depth>3</depth>
	</size>
	<segmented>0</segmented>
	<object>
		<name>rat</name>
		<pose>Unspecified</pose>
		<truncated>0</truncated>
		<difficult>0</difficult>
		<bndbox>
			<xmin>150</xmin>
			<ymin>47</ymin>
			<xmax>921</xmax>
			<ymax>518</ymax>
		</bndbox>
	</object>
</annotation>
