<annotation>
	<folder>rats</folder>
	<filename>4087-w2902.jpg</filename>
	<path>/home/bnc/Bilderkennung/collection/rats/4087-w2902.jpg</path>
	<source>
		<database>Unknown</database>
	</source>
	<size>
		<width>850</width>
		<height>981</height>
		<depth>3</depth>
	</size>
	<segmented>0</segmented>
	<object>
		<name>rat</name>
		<pose>Unspecified</pose>
		<truncated>0</truncated>
		<difficult>0</difficult>
		<bndbox>
			<xmin>67</xmin>
			<ymin>162</ymin>
			<xmax>848</xmax>
			<ymax>977</ymax>
		</bndbox>
	</object>
</annotation>
