<annotation>
	<folder>rats</folder>
	<filename>41291488_401-w2999.jpg</filename>
	<path>/home/bnc/Bilderkennung/collection/rats/41291488_401-w2999.jpg</path>
	<source>
		<database>Unknown</database>
	</source>
	<size>
		<width>700</width>
		<height>394</height>
		<depth>3</depth>
	</size>
	<segmented>0</segmented>
	<object>
		<name>rat</name>
		<pose>Unspecified</pose>
		<truncated>0</truncated>
		<difficult>0</difficult>
		<bndbox>
			<xmin>248</xmin>
			<ymin>31</ymin>
			<xmax>546</xmax>
			<ymax>299</ymax>
		</bndbox>
	</object>
</annotation>
