<annotation>
	<folder>rats</folder>
	<filename>4d3c5683d9a24dd5f8d26815dfcf028b_newsapi.jpg</filename>
	<path>/home/bnc/Bilderkennung/collection/rats/4d3c5683d9a24dd5f8d26815dfcf028b_newsapi.jpg</path>
	<source>
		<database>Unknown</database>
	</source>
	<size>
		<width>650</width>
		<height>366</height>
		<depth>3</depth>
	</size>
	<segmented>0</segmented>
	<object>
		<name>rat</name>
		<pose>Unspecified</pose>
		<truncated>0</truncated>
		<difficult>0</difficult>
		<bndbox>
			<xmin>109</xmin>
			<ymin>44</ymin>
			<xmax>485</xmax>
			<ymax>354</ymax>
		</bndbox>
	</object>
</annotation>
