<annotation>
	<folder>rats</folder>
	<filename>5-rat-w2913.jpg</filename>
	<path>/home/bnc/Bilderkennung/collection/rats/5-rat-w2913.jpg</path>
	<source>
		<database>Unknown</database>
	</source>
	<size>
		<width>960</width>
		<height>640</height>
		<depth>3</depth>
	</size>
	<segmented>0</segmented>
	<object>
		<name>rat</name>
		<pose>Unspecified</pose>
		<truncated>0</truncated>
		<difficult>0</difficult>
		<bndbox>
			<xmin>55</xmin>
			<ymin>29</ymin>
			<xmax>712</xmax>
			<ymax>606</ymax>
		</bndbox>
	</object>
</annotation>
