<annotation>
	<folder>rats</folder>
	<filename>50491001_kupidw.png</filename>
	<path>/home/bnc/Bilderkennung/collection/rats/50491001_kupidw.png</path>
	<source>
		<database>Unknown</database>
	</source>
	<size>
		<width>720</width>
		<height>424</height>
		<depth>3</depth>
	</size>
	<segmented>0</segmented>
	<object>
		<name>rat</name>
		<pose>Unspecified</pose>
		<truncated>1</truncated>
		<difficult>0</difficult>
		<bndbox>
			<xmin>22</xmin>
			<ymin>1</ymin>
			<xmax>708</xmax>
			<ymax>424</ymax>
		</bndbox>
	</object>
</annotation>
