<annotation>
	<folder>rats</folder>
	<filename>598de9ebd9a6a031008b4d78.jpg</filename>
	<path>/home/bnc/Bilderkennung/collection/rats/598de9ebd9a6a031008b4d78.jpg</path>
	<source>
		<database>Unknown</database>
	</source>
	<size>
		<width>1000</width>
		<height>750</height>
		<depth>3</depth>
	</size>
	<segmented>0</segmented>
	<object>
		<name>rat</name>
		<pose>Unspecified</pose>
		<truncated>0</truncated>
		<difficult>0</difficult>
		<bndbox>
			<xmin>5</xmin>
			<ymin>68</ymin>
			<xmax>500</xmax>
			<ymax>610</ymax>
		</bndbox>
	</object>
	<object>
		<name>rat</name>
		<pose>Unspecified</pose>
		<truncated>0</truncated>
		<difficult>0</difficult>
		<bndbox>
			<xmin>434</xmin>
			<ymin>80</ymin>
			<xmax>866</xmax>
			<ymax>646</ymax>
		</bndbox>
	</object>
</annotation>
