<annotation>
	<folder>rats</folder>
	<filename>5a78499db4e28-w2909.jpg</filename>
	<path>/home/bnc/Bilderkennung/collection/rats/5a78499db4e28-w2909.jpg</path>
	<source>
		<database>Unknown</database>
	</source>
	<size>
		<width>1200</width>
		<height>753</height>
		<depth>3</depth>
	</size>
	<segmented>0</segmented>
	<object>
		<name>rat</name>
		<pose>Unspecified</pose>
		<truncated>1</truncated>
		<difficult>0</difficult>
		<bndbox>
			<xmin>14</xmin>
			<ymin>152</ymin>
			<xmax>747</xmax>
			<ymax>753</ymax>
		</bndbox>
	</object>
	<object>
		<name>rat</name>
		<pose>Unspecified</pose>
		<truncated>0</truncated>
		<difficult>0</difficult>
		<bndbox>
			<xmin>625</xmin>
			<ymin>3</ymin>
			<xmax>1168</xmax>
			<ymax>712</ymax>
		</bndbox>
	</object>
</annotation>
