<annotation>
	<folder>rats</folder>
	<filename>62c2aa71b54fcf97.jpg</filename>
	<path>/home/bnc/Bilderkennung/collection/rats/62c2aa71b54fcf97.jpg</path>
	<source>
		<database>Unknown</database>
	</source>
	<size>
		<width>1280</width>
		<height>818</height>
		<depth>3</depth>
	</size>
	<segmented>0</segmented>
	<object>
		<name>rat</name>
		<pose>Unspecified</pose>
		<truncated>0</truncated>
		<difficult>0</difficult>
		<bndbox>
			<xmin>15</xmin>
			<ymin>201</ymin>
			<xmax>524</xmax>
			<ymax>640</ymax>
		</bndbox>
	</object>
	<object>
		<name>rat</name>
		<pose>Unspecified</pose>
		<truncated>0</truncated>
		<difficult>0</difficult>
		<bndbox>
			<xmin>545</xmin>
			<ymin>210</ymin>
			<xmax>899</xmax>
			<ymax>646</ymax>
		</bndbox>
	</object>
	<object>
		<name>rat</name>
		<pose>Unspecified</pose>
		<truncated>0</truncated>
		<difficult>0</difficult>
		<bndbox>
			<xmin>885</xmin>
			<ymin>322</ymin>
			<xmax>1215</xmax>
			<ymax>669</ymax>
		</bndbox>
	</object>
</annotation>
