<annotation>
	<folder>rats</folder>
	<filename>677545.jpg</filename>
	<path>/home/bnc/Bilderkennung/collection/rats/677545.jpg</path>
	<source>
		<database>Unknown</database>
	</source>
	<size>
		<width>1094</width>
		<height>727</height>
		<depth>3</depth>
	</size>
	<segmented>0</segmented>
	<object>
		<name>rat</name>
		<pose>Unspecified</pose>
		<truncated>1</truncated>
		<difficult>0</difficult>
		<bndbox>
			<xmin>112</xmin>
			<ymin>72</ymin>
			<xmax>832</xmax>
			<ymax>727</ymax>
		</bndbox>
	</object>
</annotation>
