<annotation>
	<folder>rats</folder>
	<filename>694940094001_6060277748001_6060278234001-vs.jpg</filename>
	<path>/home/bnc/Bilderkennung/collection/rats/694940094001_6060277748001_6060278234001-vs.jpg</path>
	<source>
		<database>Unknown</database>
	</source>
	<size>
		<width>1280</width>
		<height>720</height>
		<depth>3</depth>
	</size>
	<segmented>0</segmented>
	<object>
		<name>rat</name>
		<pose>Unspecified</pose>
		<truncated>1</truncated>
		<difficult>0</difficult>
		<bndbox>
			<xmin>132</xmin>
			<ymin>3</ymin>
			<xmax>1082</xmax>
			<ymax>720</ymax>
		</bndbox>
	</object>
</annotation>
