<annotation>
	<folder>rats</folder>
	<filename>7072168_101620rats.jpg</filename>
	<path>/home/bnc/Bilderkennung/collection/rats/7072168_101620rats.jpg</path>
	<source>
		<database>Unknown</database>
	</source>
	<size>
		<width>601</width>
		<height>450</height>
		<depth>3</depth>
	</size>
	<segmented>0</segmented>
	<object>
		<name>rat</name>
		<pose>Unspecified</pose>
		<truncated>0</truncated>
		<difficult>0</difficult>
		<bndbox>
			<xmin>57</xmin>
			<ymin>11</ymin>
			<xmax>573</xmax>
			<ymax>440</ymax>
		</bndbox>
	</object>
</annotation>
