<annotation>
	<folder>rats</folder>
	<filename>7755282_L.jpg</filename>
	<path>/home/bnc/Bilderkennung/collection/rats/7755282_L.jpg</path>
	<source>
		<database>Unknown</database>
	</source>
	<size>
		<width>640</width>
		<height>427</height>
		<depth>3</depth>
	</size>
	<segmented>0</segmented>
	<object>
		<name>rat</name>
		<pose>Unspecified</pose>
		<truncated>0</truncated>
		<difficult>0</difficult>
		<bndbox>
			<xmin>62</xmin>
			<ymin>38</ymin>
			<xmax>625</xmax>
			<ymax>360</ymax>
		</bndbox>
	</object>
</annotation>
