<annotation>
	<folder>rats</folder>
	<filename>87.668-w3052.jpg</filename>
	<path>/home/bnc/Bilderkennung/collection/rats/87.668-w3052.jpg</path>
	<source>
		<database>Unknown</database>
	</source>
	<size>
		<width>650</width>
		<height>366</height>
		<depth>3</depth>
	</size>
	<segmented>0</segmented>
	<object>
		<name>rat</name>
		<pose>Unspecified</pose>
		<truncated>0</truncated>
		<difficult>0</difficult>
		<bndbox>
			<xmin>6</xmin>
			<ymin>11</ymin>
			<xmax>547</xmax>
			<ymax>353</ymax>
		</bndbox>
	</object>
</annotation>
