<annotation>
	<folder>rats</folder>
	<filename>972931612-ham_xh28a15346-2fA9J70JMZa7.jpg</filename>
	<path>/home/bnc/Bilderkennung/collection/rats/972931612-ham_xh28a15346-2fA9J70JMZa7.jpg</path>
	<source>
		<database>Unknown</database>
	</source>
	<size>
		<width>600</width>
		<height>400</height>
		<depth>3</depth>
	</size>
	<segmented>0</segmented>
	<object>
		<name>rat</name>
		<pose>Unspecified</pose>
		<truncated>0</truncated>
		<difficult>0</difficult>
		<bndbox>
			<xmin>45</xmin>
			<ymin>51</ymin>
			<xmax>530</xmax>
			<ymax>345</ymax>
		</bndbox>
	</object>
</annotation>
