<annotation>
	<folder>rats</folder>
	<filename>animaux-non-désirables-520x390.jpg</filename>
	<path>/home/bnc/Bilderkennung/collection/rats/animaux-non-désirables-520x390.jpg</path>
	<source>
		<database>Unknown</database>
	</source>
	<size>
		<width>520</width>
		<height>390</height>
		<depth>3</depth>
	</size>
	<segmented>0</segmented>
	<object>
		<name>rat</name>
		<pose>Unspecified</pose>
		<truncated>0</truncated>
		<difficult>0</difficult>
		<bndbox>
			<xmin>107</xmin>
			<ymin>47</ymin>
			<xmax>495</xmax>
			<ymax>374</ymax>
		</bndbox>
	</object>
</annotation>
