<annotation>
	<folder>rats</folder>
	<filename>big-taboo-banner.jpg</filename>
	<path>/home/bnc/Bilderkennung/collection/rats/big-taboo-banner.jpg</path>
	<source>
		<database>Unknown</database>
	</source>
	<size>
		<width>1100</width>
		<height>630</height>
		<depth>3</depth>
	</size>
	<segmented>0</segmented>
	<object>
		<name>rat</name>
		<pose>Unspecified</pose>
		<truncated>0</truncated>
		<difficult>0</difficult>
		<bndbox>
			<xmin>219</xmin>
			<ymin>2</ymin>
			<xmax>946</xmax>
			<ymax>557</ymax>
		</bndbox>
	</object>
</annotation>
