<annotation>
	<folder>rats</folder>
	<filename>bramble-cay-mosaikschwanzratte-g-pr-w3032.jpg</filename>
	<path>/home/bnc/Bilderkennung/collection/rats/bramble-cay-mosaikschwanzratte-g-pr-w3032.jpg</path>
	<source>
		<database>Unknown</database>
	</source>
	<size>
		<width>480</width>
		<height>320</height>
		<depth>3</depth>
	</size>
	<segmented>0</segmented>
	<object>
		<name>rat</name>
		<pose>Unspecified</pose>
		<truncated>0</truncated>
		<difficult>0</difficult>
		<bndbox>
			<xmin>61</xmin>
			<ymin>77</ymin>
			<xmax>439</xmax>
			<ymax>275</ymax>
		</bndbox>
	</object>
</annotation>
