<annotation>
	<folder>rats</folder>
	<filename>brown-rat-1.jpg</filename>
	<path>/home/bnc/Bilderkennung/collection/rats/brown-rat-1.jpg</path>
	<source>
		<database>Unknown</database>
	</source>
	<size>
		<width>1024</width>
		<height>1024</height>
		<depth>3</depth>
	</size>
	<segmented>0</segmented>
	<object>
		<name>rat</name>
		<pose>Unspecified</pose>
		<truncated>0</truncated>
		<difficult>0</difficult>
		<bndbox>
			<xmin>57</xmin>
			<ymin>63</ymin>
			<xmax>841</xmax>
			<ymax>796</ymax>
		</bndbox>
	</object>
</annotation>
