<annotation>
	<folder>rats</folder>
	<filename>cute-3284412_1280-1-696x468.jpg</filename>
	<path>/home/bnc/Bilderkennung/collection/rats/cute-3284412_1280-1-696x468.jpg</path>
	<source>
		<database>Unknown</database>
	</source>
	<size>
		<width>696</width>
		<height>468</height>
		<depth>3</depth>
	</size>
	<segmented>0</segmented>
	<object>
		<name>rat</name>
		<pose>Unspecified</pose>
		<truncated>0</truncated>
		<difficult>0</difficult>
		<bndbox>
			<xmin>100</xmin>
			<ymin>104</ymin>
			<xmax>378</xmax>
			<ymax>370</ymax>
		</bndbox>
	</object>
	<object>
		<name>rat</name>
		<pose>Unspecified</pose>
		<truncated>0</truncated>
		<difficult>0</difficult>
		<bndbox>
			<xmin>357</xmin>
			<ymin>120</ymin>
			<xmax>639</xmax>
			<ymax>373</ymax>
		</bndbox>
	</object>
</annotation>
