<annotation>
	<folder>rats</folder>
	<filename>d222c28c37bce7c436598d1f8ac0dd29.jpg</filename>
	<path>/home/bnc/Bilderkennung/collection/rats/d222c28c37bce7c436598d1f8ac0dd29.jpg</path>
	<source>
		<database>Unknown</database>
	</source>
	<size>
		<width>595</width>
		<height>400</height>
		<depth>3</depth>
	</size>
	<segmented>0</segmented>
	<object>
		<name>rat</name>
		<pose>Unspecified</pose>
		<truncated>0</truncated>
		<difficult>0</difficult>
		<bndbox>
			<xmin>33</xmin>
			<ymin>49</ymin>
			<xmax>287</xmax>
			<ymax>380</ymax>
		</bndbox>
	</object>
	<object>
		<name>rat</name>
		<pose>Unspecified</pose>
		<truncated>0</truncated>
		<difficult>0</difficult>
		<bndbox>
			<xmin>307</xmin>
			<ymin>29</ymin>
			<xmax>548</xmax>
			<ymax>274</ymax>
		</bndbox>
	</object>
</annotation>
