<annotation>
	<folder>rats</folder>
	<filename>D_ratte-w3008.jpg</filename>
	<path>/home/bnc/Bilderkennung/collection/rats/D_ratte-w3008.jpg</path>
	<source>
		<database>Unknown</database>
	</source>
	<size>
		<width>440</width>
		<height>282</height>
		<depth>3</depth>
	</size>
	<segmented>0</segmented>
	<object>
		<name>rat</name>
		<pose>Unspecified</pose>
		<truncated>0</truncated>
		<difficult>0</difficult>
		<bndbox>
			<xmin>40</xmin>
			<ymin>47</ymin>
			<xmax>257</xmax>
			<ymax>261</ymax>
		</bndbox>
	</object>
	<object>
		<name>rat</name>
		<pose>Unspecified</pose>
		<truncated>0</truncated>
		<difficult>0</difficult>
		<bndbox>
			<xmin>262</xmin>
			<ymin>32</ymin>
			<xmax>416</xmax>
			<ymax>225</ymax>
		</bndbox>
	</object>
</annotation>
