<annotation>
	<folder>rats</folder>
	<filename>DE_AT_article_ratten-bekaempfen_main.jpg</filename>
	<path>/home/bnc/Bilderkennung/collection/rats/DE_AT_article_ratten-bekaempfen_main.jpg</path>
	<source>
		<database>Unknown</database>
	</source>
	<size>
		<width>1200</width>
		<height>630</height>
		<depth>3</depth>
	</size>
	<segmented>0</segmented>
	<object>
		<name>rat</name>
		<pose>Unspecified</pose>
		<truncated>1</truncated>
		<difficult>0</difficult>
		<bndbox>
			<xmin>16</xmin>
			<ymin>1</ymin>
			<xmax>1191</xmax>
			<ymax>627</ymax>
		</bndbox>
	</object>
</annotation>
