<annotation>
	<folder>rats</folder>
	<filename>Depositphotos_4444956_s-2015.jpg</filename>
	<path>/home/bnc/Bilderkennung/collection/rats/Depositphotos_4444956_s-2015.jpg</path>
	<source>
		<database>Unknown</database>
	</source>
	<size>
		<width>468</width>
		<height>323</height>
		<depth>3</depth>
	</size>
	<segmented>0</segmented>
	<object>
		<name>rat</name>
		<pose>Unspecified</pose>
		<truncated>0</truncated>
		<difficult>0</difficult>
		<bndbox>
			<xmin>123</xmin>
			<ymin>11</ymin>
			<xmax>439</xmax>
			<ymax>302</ymax>
		</bndbox>
	</object>
</annotation>
