<annotation>
	<folder>rats</folder>
	<filename>Dumbo-Ratte-große-Ohren-1030x772-w3012.jpg</filename>
	<path>/home/bnc/Bilderkennung/collection/rats/Dumbo-Ratte-große-Ohren-1030x772-w3012.jpg</path>
	<source>
		<database>Unknown</database>
	</source>
	<size>
		<width>1030</width>
		<height>772</height>
		<depth>3</depth>
	</size>
	<segmented>0</segmented>
	<object>
		<name>rat</name>
		<pose>Unspecified</pose>
		<truncated>0</truncated>
		<difficult>0</difficult>
		<bndbox>
			<xmin>201</xmin>
			<ymin>74</ymin>
			<xmax>812</xmax>
			<ymax>670</ymax>
		</bndbox>
	</object>
</annotation>
