<annotation>
	<folder>rats</folder>
	<filename>Eine_Ratte_sitzt_nachts_an_einer_Haeuserwand_in_der_Innenstadt.jpg</filename>
	<path>/home/bnc/Bilderkennung/collection/rats/Eine_Ratte_sitzt_nachts_an_einer_Haeuserwand_in_der_Innenstadt.jpg</path>
	<source>
		<database>Unknown</database>
	</source>
	<size>
		<width>400</width>
		<height>300</height>
		<depth>3</depth>
	</size>
	<segmented>0</segmented>
	<object>
		<name>rat</name>
		<pose>Unspecified</pose>
		<truncated>0</truncated>
		<difficult>0</difficult>
		<bndbox>
			<xmin>134</xmin>
			<ymin>117</ymin>
			<xmax>213</xmax>
			<ymax>203</ymax>
		</bndbox>
	</object>
</annotation>
