<annotation>
	<folder>rats</folder>
	<filename>EPeXLg2X0AA_N9n.jpg</filename>
	<path>/home/bnc/Bilderkennung/collection/rats/EPeXLg2X0AA_N9n.jpg</path>
	<source>
		<database>Unknown</database>
	</source>
	<size>
		<width>800</width>
		<height>500</height>
		<depth>3</depth>
	</size>
	<segmented>0</segmented>
	<object>
		<name>rat</name>
		<pose>Unspecified</pose>
		<truncated>0</truncated>
		<difficult>0</difficult>
		<bndbox>
			<xmin>59</xmin>
			<ymin>15</ymin>
			<xmax>637</xmax>
			<ymax>493</ymax>
		</bndbox>
	</object>
</annotation>
