<annotation>
	<folder>rats</folder>
	<filename>Fiese-Ratte-Sind-Ratten-wirklich-eklig-und-gemein_reference_4_3-w2979.jpg</filename>
	<path>/home/bnc/Bilderkennung/collection/rats/Fiese-Ratte-Sind-Ratten-wirklich-eklig-und-gemein_reference_4_3-w2979.jpg</path>
	<source>
		<database>Unknown</database>
	</source>
	<size>
		<width>750</width>
		<height>512</height>
		<depth>3</depth>
	</size>
	<segmented>0</segmented>
	<object>
		<name>rat</name>
		<pose>Unspecified</pose>
		<truncated>0</truncated>
		<difficult>0</difficult>
		<bndbox>
			<xmin>45</xmin>
			<ymin>75</ymin>
			<xmax>666</xmax>
			<ymax>445</ymax>
		</bndbox>
	</object>
</annotation>
