<annotation>
	<folder>rats</folder>
	<filename>file-20190812-71932-14cvwej-w2905.jpg</filename>
	<path>/home/bnc/Bilderkennung/collection/rats/file-20190812-71932-14cvwej-w2905.jpg</path>
	<source>
		<database>Unknown</database>
	</source>
	<size>
		<width>971</width>
		<height>690</height>
		<depth>3</depth>
	</size>
	<segmented>0</segmented>
	<object>
		<name>rat</name>
		<pose>Unspecified</pose>
		<truncated>0</truncated>
		<difficult>0</difficult>
		<bndbox>
			<xmin>191</xmin>
			<ymin>89</ymin>
			<xmax>930</xmax>
			<ymax>611</ymax>
		</bndbox>
	</object>
</annotation>
