<annotation>
	<folder>rats</folder>
	<filename>futter_ratte-w3073.jpg</filename>
	<path>/home/bnc/Bilderkennung/collection/rats/futter_ratte-w3073.jpg</path>
	<source>
		<database>Unknown</database>
	</source>
	<size>
		<width>600</width>
		<height>400</height>
		<depth>3</depth>
	</size>
	<segmented>0</segmented>
	<object>
		<name>rat</name>
		<pose>Unspecified</pose>
		<truncated>1</truncated>
		<difficult>0</difficult>
		<bndbox>
			<xmin>34</xmin>
			<ymin>1</ymin>
			<xmax>441</xmax>
			<ymax>396</ymax>
		</bndbox>
	</object>
</annotation>
