<annotation>
	<folder>rats</folder>
	<filename>hausratte-diese-ratte-lebt-ungern-im-keller.jpg</filename>
	<path>/home/bnc/Bilderkennung/collection/rats/hausratte-diese-ratte-lebt-ungern-im-keller.jpg</path>
	<source>
		<database>Unknown</database>
	</source>
	<size>
		<width>610</width>
		<height>343</height>
		<depth>3</depth>
	</size>
	<segmented>0</segmented>
	<object>
		<name>rat</name>
		<pose>Unspecified</pose>
		<truncated>0</truncated>
		<difficult>0</difficult>
		<bndbox>
			<xmin>63</xmin>
			<ymin>73</ymin>
			<xmax>332</xmax>
			<ymax>241</ymax>
		</bndbox>
	</object>
</annotation>
