<annotation>
	<folder>rats</folder>
	<filename>haustier-ratten-w3038.jpg</filename>
	<path>/home/bnc/Bilderkennung/collection/rats/haustier-ratten-w3038.jpg</path>
	<source>
		<database>Unknown</database>
	</source>
	<size>
		<width>1000</width>
		<height>642</height>
		<depth>3</depth>
	</size>
	<segmented>0</segmented>
	<object>
		<name>rat</name>
		<pose>Unspecified</pose>
		<truncated>0</truncated>
		<difficult>0</difficult>
		<bndbox>
			<xmin>83</xmin>
			<ymin>17</ymin>
			<xmax>773</xmax>
			<ymax>458</ymax>
		</bndbox>
	</object>
	<object>
		<name>rat</name>
		<pose>Unspecified</pose>
		<truncated>0</truncated>
		<difficult>0</difficult>
		<bndbox>
			<xmin>465</xmin>
			<ymin>271</ymin>
			<xmax>962</xmax>
			<ymax>641</ymax>
		</bndbox>
	</object>
</annotation>
