<annotation>
	<folder>rats</folder>
	<filename>img-ratten-in-der-stadt100.jpg</filename>
	<path>/home/bnc/Bilderkennung/collection/rats/img-ratten-in-der-stadt100.jpg</path>
	<source>
		<database>Unknown</database>
	</source>
	<size>
		<width>654</width>
		<height>450</height>
		<depth>3</depth>
	</size>
	<segmented>0</segmented>
	<object>
		<name>rat</name>
		<pose>Unspecified</pose>
		<truncated>0</truncated>
		<difficult>0</difficult>
		<bndbox>
			<xmin>325</xmin>
			<ymin>186</ymin>
			<xmax>568</xmax>
			<ymax>404</ymax>
		</bndbox>
	</object>
	<object>
		<name>rat</name>
		<pose>Unspecified</pose>
		<truncated>0</truncated>
		<difficult>0</difficult>
		<bndbox>
			<xmin>222</xmin>
			<ymin>74</ymin>
			<xmax>359</xmax>
			<ymax>276</ymax>
		</bndbox>
	</object>
	<object>
		<name>rat</name>
		<pose>Unspecified</pose>
		<truncated>0</truncated>
		<difficult>0</difficult>
		<bndbox>
			<xmin>53</xmin>
			<ymin>113</ymin>
			<xmax>264</xmax>
			<ymax>282</ymax>
		</bndbox>
	</object>
</annotation>
