<annotation>
	<folder>rats</folder>
	<filename>iStock-454439027-845x684-w2978.jpg</filename>
	<path>/home/bnc/Bilderkennung/collection/rats/iStock-454439027-845x684-w2978.jpg</path>
	<source>
		<database>Unknown</database>
	</source>
	<size>
		<width>845</width>
		<height>684</height>
		<depth>3</depth>
	</size>
	<segmented>0</segmented>
	<object>
		<name>rat</name>
		<pose>Unspecified</pose>
		<truncated>1</truncated>
		<difficult>0</difficult>
		<bndbox>
			<xmin>8</xmin>
			<ymin>1</ymin>
			<xmax>798</xmax>
			<ymax>684</ymax>
		</bndbox>
	</object>
</annotation>
