<annotation>
	<folder>rats</folder>
	<filename>iStock-951851334_klein-1200x675-w3033.jpg</filename>
	<path>/home/bnc/Bilderkennung/collection/rats/iStock-951851334_klein-1200x675-w3033.jpg</path>
	<source>
		<database>Unknown</database>
	</source>
	<size>
		<width>1200</width>
		<height>675</height>
		<depth>3</depth>
	</size>
	<segmented>0</segmented>
	<object>
		<name>rat</name>
		<pose>Unspecified</pose>
		<truncated>1</truncated>
		<difficult>0</difficult>
		<bndbox>
			<xmin>92</xmin>
			<ymin>3</ymin>
			<xmax>927</xmax>
			<ymax>675</ymax>
		</bndbox>
	</object>
</annotation>
