<annotation>
	<folder>rats</folder>
	<filename>jumbo_ratten_10-w3071.jpg</filename>
	<path>/home/bnc/Bilderkennung/collection/rats/jumbo_ratten_10-w3071.jpg</path>
	<source>
		<database>Unknown</database>
	</source>
	<size>
		<width>800</width>
		<height>545</height>
		<depth>3</depth>
	</size>
	<segmented>0</segmented>
	<object>
		<name>rat</name>
		<pose>Unspecified</pose>
		<truncated>0</truncated>
		<difficult>0</difficult>
		<bndbox>
			<xmin>12</xmin>
			<ymin>34</ymin>
			<xmax>750</xmax>
			<ymax>534</ymax>
		</bndbox>
	</object>
</annotation>
