<annotation>
	<folder>rats</folder>
	<filename>kapa65-860503_pixabay-w3003.jpg</filename>
	<path>/home/bnc/Bilderkennung/collection/rats/kapa65-860503_pixabay-w3003.jpg</path>
	<source>
		<database>Unknown</database>
	</source>
	<size>
		<width>720</width>
		<height>587</height>
		<depth>3</depth>
	</size>
	<segmented>0</segmented>
	<object>
		<name>rat</name>
		<pose>Unspecified</pose>
		<truncated>0</truncated>
		<difficult>0</difficult>
		<bndbox>
			<xmin>90</xmin>
			<ymin>36</ymin>
			<xmax>456</xmax>
			<ymax>321</ymax>
		</bndbox>
	</object>
	<object>
		<name>rat</name>
		<pose>Unspecified</pose>
		<truncated>0</truncated>
		<difficult>0</difficult>
		<bndbox>
			<xmin>120</xmin>
			<ymin>279</ymin>
			<xmax>436</xmax>
			<ymax>576</ymax>
		</bndbox>
	</object>
</annotation>
