<annotation>
	<folder>rats</folder>
	<filename>kavcfhikbl_2_1200.jpg</filename>
	<path>/home/bnc/Bilderkennung/collection/rats/kavcfhikbl_2_1200.jpg</path>
	<source>
		<database>Unknown</database>
	</source>
	<size>
		<width>1126</width>
		<height>383</height>
		<depth>3</depth>
	</size>
	<segmented>0</segmented>
	<object>
		<name>rat</name>
		<pose>Unspecified</pose>
		<truncated>0</truncated>
		<difficult>0</difficult>
		<bndbox>
			<xmin>74</xmin>
			<ymin>56</ymin>
			<xmax>394</xmax>
			<ymax>270</ymax>
		</bndbox>
	</object>
	<object>
		<name>rat</name>
		<pose>Unspecified</pose>
		<truncated>0</truncated>
		<difficult>0</difficult>
		<bndbox>
			<xmin>488</xmin>
			<ymin>70</ymin>
			<xmax>727</xmax>
			<ymax>255</ymax>
		</bndbox>
	</object>
	<object>
		<name>rat</name>
		<pose>Unspecified</pose>
		<truncated>0</truncated>
		<difficult>0</difficult>
		<bndbox>
			<xmin>812</xmin>
			<ymin>79</ymin>
			<xmax>1067</xmax>
			<ymax>276</ymax>
		</bndbox>
	</object>
</annotation>
