<annotation>
	<folder>rats</folder>
	<filename>las-ratas-le-tienen-miedo-a-la-luz.jpg</filename>
	<path>/home/bnc/Bilderkennung/collection/rats/las-ratas-le-tienen-miedo-a-la-luz.jpg</path>
	<source>
		<database>Unknown</database>
	</source>
	<size>
		<width>405</width>
		<height>301</height>
		<depth>3</depth>
	</size>
	<segmented>0</segmented>
	<object>
		<name>rat</name>
		<pose>Unspecified</pose>
		<truncated>0</truncated>
		<difficult>0</difficult>
		<bndbox>
			<xmin>76</xmin>
			<ymin>12</ymin>
			<xmax>386</xmax>
			<ymax>296</ymax>
		</bndbox>
	</object>
</annotation>
