<annotation>
	<folder>rats</folder>
	<filename>Living-with-Pets-w3013.jpg</filename>
	<path>/home/bnc/Bilderkennung/collection/rats/Living-with-Pets-w3013.jpg</path>
	<source>
		<database>Unknown</database>
	</source>
	<size>
		<width>1024</width>
		<height>657</height>
		<depth>3</depth>
	</size>
	<segmented>0</segmented>
	<object>
		<name>rat</name>
		<pose>Unspecified</pose>
		<truncated>0</truncated>
		<difficult>0</difficult>
		<bndbox>
			<xmin>81</xmin>
			<ymin>57</ymin>
			<xmax>536</xmax>
			<ymax>518</ymax>
		</bndbox>
	</object>
	<object>
		<name>rat</name>
		<pose>Unspecified</pose>
		<truncated>0</truncated>
		<difficult>0</difficult>
		<bndbox>
			<xmin>517</xmin>
			<ymin>62</ymin>
			<xmax>944</xmax>
			<ymax>586</ymax>
		</bndbox>
	</object>
</annotation>
