<annotation>
	<folder>rats</folder>
	<filename>main_rat-on-the-floor-image-desktop-w3017.jpg</filename>
	<path>/home/bnc/Bilderkennung/collection/rats/main_rat-on-the-floor-image-desktop-w3017.jpg</path>
	<source>
		<database>Unknown</database>
	</source>
	<size>
		<width>699</width>
		<height>524</height>
		<depth>3</depth>
	</size>
	<segmented>0</segmented>
	<object>
		<name>rat</name>
		<pose>Unspecified</pose>
		<truncated>0</truncated>
		<difficult>0</difficult>
		<bndbox>
			<xmin>283</xmin>
			<ymin>151</ymin>
			<xmax>604</xmax>
			<ymax>428</ymax>
		</bndbox>
	</object>
</annotation>
