<annotation>
	<folder>rats</folder>
	<filename>main_main_rodents-hero-img.jpg</filename>
	<path>/home/bnc/Bilderkennung/collection/rats/main_main_rodents-hero-img.jpg</path>
	<source>
		<database>Unknown</database>
	</source>
	<size>
		<width>375</width>
		<height>220</height>
		<depth>3</depth>
	</size>
	<segmented>0</segmented>
	<object>
		<name>rat</name>
		<pose>Unspecified</pose>
		<truncated>0</truncated>
		<difficult>0</difficult>
		<bndbox>
			<xmin>67</xmin>
			<ymin>15</ymin>
			<xmax>367</xmax>
			<ymax>193</ymax>
		</bndbox>
	</object>
</annotation>
