<annotation>
	<folder>rats</folder>
	<filename>Millionen-von-Ratten-in-Berlin-Zahl-der-Bekaempfungen-nimmt-massiv-zu_big_teaser_article-w2988.jpg</filename>
	<path>/home/bnc/Bilderkennung/collection/rats/Millionen-von-Ratten-in-Berlin-Zahl-der-Bekaempfungen-nimmt-massiv-zu_big_teaser_article-w2988.jpg</path>
	<source>
		<database>Unknown</database>
	</source>
	<size>
		<width>760</width>
		<height>380</height>
		<depth>3</depth>
	</size>
	<segmented>0</segmented>
	<object>
		<name>rat</name>
		<pose>Unspecified</pose>
		<truncated>0</truncated>
		<difficult>0</difficult>
		<bndbox>
			<xmin>10</xmin>
			<ymin>227</ymin>
			<xmax>461</xmax>
			<ymax>370</ymax>
		</bndbox>
	</object>
</annotation>
