<annotation>
	<folder>rats</folder>
	<filename>Moni_Ratte_in_Frankenthal_2021_07_02.jpg</filename>
	<path>/home/bnc/Bilderkennung/collection/rats/Moni_Ratte_in_Frankenthal_2021_07_02.jpg</path>
	<source>
		<database>Unknown</database>
	</source>
	<size>
		<width>400</width>
		<height>300</height>
		<depth>3</depth>
	</size>
	<segmented>0</segmented>
	<object>
		<name>rat</name>
		<pose>Unspecified</pose>
		<truncated>0</truncated>
		<difficult>0</difficult>
		<bndbox>
			<xmin>166</xmin>
			<ymin>104</ymin>
			<xmax>251</xmax>
			<ymax>208</ymax>
		</bndbox>
	</object>
</annotation>
