<annotation>
	<folder>rats</folder>
	<filename>NINTCHDBPICT000440243282.jpg</filename>
	<path>/home/bnc/Bilderkennung/collection/rats/NINTCHDBPICT000440243282.jpg</path>
	<source>
		<database>Unknown</database>
	</source>
	<size>
		<width>769</width>
		<height>630</height>
		<depth>3</depth>
	</size>
	<segmented>0</segmented>
	<object>
		<name>rat</name>
		<pose>Unspecified</pose>
		<truncated>0</truncated>
		<difficult>0</difficult>
		<bndbox>
			<xmin>103</xmin>
			<ymin>66</ymin>
			<xmax>669</xmax>
			<ymax>535</ymax>
		</bndbox>
	</object>
</annotation>
