<annotation>
	<folder>rats</folder>
	<filename>Norway-rat-w2908.jpg</filename>
	<path>/home/bnc/Bilderkennung/collection/rats/Norway-rat-w2908.jpg</path>
	<source>
		<database>Unknown</database>
	</source>
	<size>
		<width>800</width>
		<height>558</height>
		<depth>3</depth>
	</size>
	<segmented>0</segmented>
	<object>
		<name>rat</name>
		<pose>Unspecified</pose>
		<truncated>0</truncated>
		<difficult>0</difficult>
		<bndbox>
			<xmin>52</xmin>
			<ymin>23</ymin>
			<xmax>585</xmax>
			<ymax>479</ymax>
		</bndbox>
	</object>
</annotation>
