<annotation>
	<folder>rats</folder>
	<filename>nzwz-bd9f9e27-98ce-47f9-912c-92c6936487ec_onlineBild.jpg</filename>
	<path>/home/bnc/Bilderkennung/collection/rats/nzwz-bd9f9e27-98ce-47f9-912c-92c6936487ec_onlineBild.jpg</path>
	<source>
		<database>Unknown</database>
	</source>
	<size>
		<width>700</width>
		<height>332</height>
		<depth>3</depth>
	</size>
	<segmented>0</segmented>
	<object>
		<name>rat</name>
		<pose>Unspecified</pose>
		<truncated>0</truncated>
		<difficult>0</difficult>
		<bndbox>
			<xmin>107</xmin>
			<ymin>4</ymin>
			<xmax>579</xmax>
			<ymax>280</ymax>
		</bndbox>
	</object>
</annotation>
