<annotation>
	<folder>rats</folder>
	<filename>pano-kombo-zu-ratten-in-rom-w2990.jpg</filename>
	<path>/home/bnc/Bilderkennung/collection/rats/pano-kombo-zu-ratten-in-rom-w2990.jpg</path>
	<source>
		<database>Unknown</database>
	</source>
	<size>
		<width>1024</width>
		<height>1001</height>
		<depth>3</depth>
	</size>
	<segmented>0</segmented>
	<object>
		<name>rat</name>
		<pose>Unspecified</pose>
		<truncated>0</truncated>
		<difficult>0</difficult>
		<bndbox>
			<xmin>154</xmin>
			<ymin>202</ymin>
			<xmax>987</xmax>
			<ymax>919</ymax>
		</bndbox>
	</object>
</annotation>
