<annotation>
	<folder>rats</folder>
	<filename>planet-e-ratten-in-der-stadt-bild-rattus-rattus-hausratte-100_3840x2160-w3018.jpg</filename>
	<path>/home/bnc/Bilderkennung/collection/rats/planet-e-ratten-in-der-stadt-bild-rattus-rattus-hausratte-100_3840x2160-w3018.jpg</path>
	<source>
		<database>Unknown</database>
	</source>
	<size>
		<width>835</width>
		<height>540</height>
		<depth>3</depth>
	</size>
	<segmented>0</segmented>
	<object>
		<name>rat</name>
		<pose>Unspecified</pose>
		<truncated>1</truncated>
		<difficult>0</difficult>
		<bndbox>
			<xmin>71</xmin>
			<ymin>86</ymin>
			<xmax>664</xmax>
			<ymax>540</ymax>
		</bndbox>
	</object>
</annotation>
