<annotation>
	<folder>rats</folder>
	<filename>R9fa457fca24f3e6ecc34b9c7d2b1e1e8.jpg</filename>
	<path>/home/bnc/Bilderkennung/collection/rats/R9fa457fca24f3e6ecc34b9c7d2b1e1e8.jpg</path>
	<source>
		<database>Unknown</database>
	</source>
	<size>
		<width>768</width>
		<height>432</height>
		<depth>3</depth>
	</size>
	<segmented>0</segmented>
	<object>
		<name>rat</name>
		<pose>Unspecified</pose>
		<truncated>0</truncated>
		<difficult>0</difficult>
		<bndbox>
			<xmin>259</xmin>
			<ymin>153</ymin>
			<xmax>481</xmax>
			<ymax>317</ymax>
		</bndbox>
	</object>
</annotation>
