<annotation>
	<folder>rats</folder>
	<filename>rat-invasion.jpg</filename>
	<path>/home/bnc/Bilderkennung/collection/rats/rat-invasion.jpg</path>
	<source>
		<database>Unknown</database>
	</source>
	<size>
		<width>2000</width>
		<height>1000</height>
		<depth>3</depth>
	</size>
	<segmented>0</segmented>
	<object>
		<name>rat</name>
		<pose>Unspecified</pose>
		<truncated>0</truncated>
		<difficult>0</difficult>
		<bndbox>
			<xmin>946</xmin>
			<ymin>82</ymin>
			<xmax>1212</xmax>
			<ymax>239</ymax>
		</bndbox>
	</object>
	<object>
		<name>rat</name>
		<pose>Unspecified</pose>
		<truncated>0</truncated>
		<difficult>0</difficult>
		<bndbox>
			<xmin>246</xmin>
			<ymin>429</ymin>
			<xmax>571</xmax>
			<ymax>622</ymax>
		</bndbox>
	</object>
	<object>
		<name>rat</name>
		<pose>Unspecified</pose>
		<truncated>0</truncated>
		<difficult>0</difficult>
		<bndbox>
			<xmin>508</xmin>
			<ymin>631</ymin>
			<xmax>841</xmax>
			<ymax>865</ymax>
		</bndbox>
	</object>
	<object>
		<name>rat</name>
		<pose>Unspecified</pose>
		<truncated>0</truncated>
		<difficult>0</difficult>
		<bndbox>
			<xmin>807</xmin>
			<ymin>586</ymin>
			<xmax>1025</xmax>
			<ymax>890</ymax>
		</bndbox>
	</object>
	<object>
		<name>rat</name>
		<pose>Unspecified</pose>
		<truncated>1</truncated>
		<difficult>0</difficult>
		<bndbox>
			<xmin>550</xmin>
			<ymin>767</ymin>
			<xmax>814</xmax>
			<ymax>1000</ymax>
		</bndbox>
	</object>
	<object>
		<name>rat</name>
		<pose>Unspecified</pose>
		<truncated>0</truncated>
		<difficult>0</difficult>
		<bndbox>
			<xmin>1173</xmin>
			<ymin>597</ymin>
			<xmax>1671</xmax>
			<ymax>728</ymax>
		</bndbox>
	</object>
	<object>
		<name>rat</name>
		<pose>Unspecified</pose>
		<truncated>0</truncated>
		<difficult>0</difficult>
		<bndbox>
			<xmin>1220</xmin>
			<ymin>646</ymin>
			<xmax>1718</xmax>
			<ymax>867</ymax>
		</bndbox>
	</object>
	<object>
		<name>rat</name>
		<pose>Unspecified</pose>
		<truncated>0</truncated>
		<difficult>0</difficult>
		<bndbox>
			<xmin>1431</xmin>
			<ymin>669</ymin>
			<xmax>1757</xmax>
			<ymax>905</ymax>
		</bndbox>
	</object>
	<object>
		<name>rat</name>
		<pose>Unspecified</pose>
		<truncated>0</truncated>
		<difficult>0</difficult>
		<bndbox>
			<xmin>1546</xmin>
			<ymin>165</ymin>
			<xmax>1816</xmax>
			<ymax>403</ymax>
		</bndbox>
	</object>
	<object>
		<name>rat</name>
		<pose>Unspecified</pose>
		<truncated>1</truncated>
		<difficult>0</difficult>
		<bndbox>
			<xmin>1756</xmin>
			<ymin>135</ymin>
			<xmax>2000</xmax>
			<ymax>316</ymax>
		</bndbox>
	</object>
	<object>
		<name>rat</name>
		<pose>Unspecified</pose>
		<truncated>1</truncated>
		<difficult>0</difficult>
		<bndbox>
			<xmin>1850</xmin>
			<ymin>571</ymin>
			<xmax>2000</xmax>
			<ymax>731</ymax>
		</bndbox>
	</object>
	<object>
		<name>rat</name>
		<pose>Unspecified</pose>
		<truncated>0</truncated>
		<difficult>0</difficult>
		<bndbox>
			<xmin>810</xmin>
			<ymin>328</ymin>
			<xmax>1122</xmax>
			<ymax>522</ymax>
		</bndbox>
	</object>
	<object>
		<name>rat</name>
		<pose>Unspecified</pose>
		<truncated>0</truncated>
		<difficult>0</difficult>
		<bndbox>
			<xmin>522</xmin>
			<ymin>275</ymin>
			<xmax>788</xmax>
			<ymax>416</ymax>
		</bndbox>
	</object>
	<object>
		<name>rat</name>
		<pose>Unspecified</pose>
		<truncated>0</truncated>
		<difficult>0</difficult>
		<bndbox>
			<xmin>88</xmin>
			<ymin>382</ymin>
			<xmax>307</xmax>
			<ymax>643</ymax>
		</bndbox>
	</object>
</annotation>
