<annotation>
	<folder>rats</folder>
	<filename>rat-la-city-hall.jpg</filename>
	<path>/home/bnc/Bilderkennung/collection/rats/rat-la-city-hall.jpg</path>
	<source>
		<database>Unknown</database>
	</source>
	<size>
		<width>680</width>
		<height>356</height>
		<depth>3</depth>
	</size>
	<segmented>0</segmented>
	<object>
		<name>rat</name>
		<pose>Unspecified</pose>
		<truncated>0</truncated>
		<difficult>0</difficult>
		<bndbox>
			<xmin>164</xmin>
			<ymin>38</ymin>
			<xmax>455</xmax>
			<ymax>318</ymax>
		</bndbox>
	</object>
</annotation>
