<annotation>
	<folder>rats</folder>
	<filename>Rat-with-lots-of-whiskers-w2992.jpg</filename>
	<path>/home/bnc/Bilderkennung/collection/rats/Rat-with-lots-of-whiskers-w2992.jpg</path>
	<source>
		<database>Unknown</database>
	</source>
	<size>
		<width>512</width>
		<height>363</height>
		<depth>3</depth>
	</size>
	<segmented>0</segmented>
	<object>
		<name>rat</name>
		<pose>Unspecified</pose>
		<truncated>1</truncated>
		<difficult>0</difficult>
		<bndbox>
			<xmin>59</xmin>
			<ymin>45</ymin>
			<xmax>470</xmax>
			<ymax>363</ymax>
		</bndbox>
	</object>
</annotation>
