<annotation>
	<folder>rats</folder>
	<filename>Rat-02.jpg</filename>
	<path>/home/bnc/Bilderkennung/collection/rats/Rat-02.jpg</path>
	<source>
		<database>Unknown</database>
	</source>
	<size>
		<width>936</width>
		<height>762</height>
		<depth>3</depth>
	</size>
	<segmented>0</segmented>
	<object>
		<name>rat</name>
		<pose>Unspecified</pose>
		<truncated>0</truncated>
		<difficult>0</difficult>
		<bndbox>
			<xmin>238</xmin>
			<ymin>181</ymin>
			<xmax>809</xmax>
			<ymax>541</ymax>
		</bndbox>
	</object>
</annotation>
