<annotation>
	<folder>rats</folder>
	<filename>rat_image_think_like_a_rodent_fmt.png</filename>
	<path>/home/bnc/Bilderkennung/collection/rats/rat_image_think_like_a_rodent_fmt.png</path>
	<source>
		<database>Unknown</database>
	</source>
	<size>
		<width>868</width>
		<height>412</height>
		<depth>3</depth>
	</size>
	<segmented>0</segmented>
	<object>
		<name>rat</name>
		<pose>Unspecified</pose>
		<truncated>1</truncated>
		<difficult>0</difficult>
		<bndbox>
			<xmin>16</xmin>
			<ymin>3</ymin>
			<xmax>868</xmax>
			<ymax>361</ymax>
		</bndbox>
	</object>
</annotation>
