<annotation>
	<folder>rats</folder>
	<filename>ratas-750x375.jpg</filename>
	<path>/home/bnc/Bilderkennung/collection/rats/ratas-750x375.jpg</path>
	<source>
		<database>Unknown</database>
	</source>
	<size>
		<width>750</width>
		<height>375</height>
		<depth>3</depth>
	</size>
	<segmented>0</segmented>
	<object>
		<name>rat</name>
		<pose>Unspecified</pose>
		<truncated>0</truncated>
		<difficult>0</difficult>
		<bndbox>
			<xmin>28</xmin>
			<ymin>79</ymin>
			<xmax>645</xmax>
			<ymax>261</ymax>
		</bndbox>
	</object>
</annotation>
