<annotation>
	<folder>rats</folder>
	<filename>rata6.jpg</filename>
	<path>/home/bnc/Bilderkennung/collection/rats/rata6.jpg</path>
	<source>
		<database>Unknown</database>
	</source>
	<size>
		<width>674</width>
		<height>428</height>
		<depth>3</depth>
	</size>
	<segmented>0</segmented>
	<object>
		<name>rat</name>
		<pose>Unspecified</pose>
		<truncated>1</truncated>
		<difficult>0</difficult>
		<bndbox>
			<xmin>198</xmin>
			<ymin>37</ymin>
			<xmax>674</xmax>
			<ymax>381</ymax>
		</bndbox>
	</object>
</annotation>
