<annotation>
	<folder>rats</folder>
	<filename>rata-negra-081119.jpg</filename>
	<path>/home/bnc/Bilderkennung/collection/rats/rata-negra-081119.jpg</path>
	<source>
		<database>Unknown</database>
	</source>
	<size>
		<width>520</width>
		<height>240</height>
		<depth>3</depth>
	</size>
	<segmented>0</segmented>
	<object>
		<name>rat</name>
		<pose>Unspecified</pose>
		<truncated>0</truncated>
		<difficult>0</difficult>
		<bndbox>
			<xmin>92</xmin>
			<ymin>8</ymin>
			<xmax>518</xmax>
			<ymax>220</ymax>
		</bndbox>
	</object>
</annotation>
