<annotation>
	<folder>rats</folder>
	<filename>ratB.jpg</filename>
	<path>/home/bnc/Bilderkennung/collection/rats/ratB.jpg</path>
	<source>
		<database>Unknown</database>
	</source>
	<size>
		<width>1003</width>
		<height>768</height>
		<depth>3</depth>
	</size>
	<segmented>0</segmented>
	<object>
		<name>rat</name>
		<pose>Unspecified</pose>
		<truncated>1</truncated>
		<difficult>0</difficult>
		<bndbox>
			<xmin>198</xmin>
			<ymin>65</ymin>
			<xmax>1003</xmax>
			<ymax>696</ymax>
		</bndbox>
	</object>
</annotation>
