<annotation>
	<folder>rats</folder>
	<filename>rats_image.jpg</filename>
	<path>/home/bnc/Bilderkennung/collection/rats/rats_image.jpg</path>
	<source>
		<database>Unknown</database>
	</source>
	<size>
		<width>874</width>
		<height>596</height>
		<depth>3</depth>
	</size>
	<segmented>0</segmented>
	<object>
		<name>rat</name>
		<pose>Unspecified</pose>
		<truncated>0</truncated>
		<difficult>0</difficult>
		<bndbox>
			<xmin>12</xmin>
			<ymin>70</ymin>
			<xmax>808</xmax>
			<ymax>565</ymax>
		</bndbox>
	</object>
</annotation>
