<annotation>
	<folder>rats</folder>
	<filename>rats-w2918.jpg</filename>
	<path>/home/bnc/Bilderkennung/collection/rats/rats-w2918.jpg</path>
	<source>
		<database>Unknown</database>
	</source>
	<size>
		<width>800</width>
		<height>385</height>
		<depth>3</depth>
	</size>
	<segmented>0</segmented>
	<object>
		<name>rat</name>
		<pose>Unspecified</pose>
		<truncated>1</truncated>
		<difficult>0</difficult>
		<bndbox>
			<xmin>165</xmin>
			<ymin>55</ymin>
			<xmax>659</xmax>
			<ymax>385</ymax>
		</bndbox>
	</object>
</annotation>
