<annotation>
	<folder>rats</folder>
	<filename>rats-wood-surface-w2907.jpg</filename>
	<path>/home/bnc/Bilderkennung/collection/rats/rats-wood-surface-w2907.jpg</path>
	<source>
		<database>Unknown</database>
	</source>
	<size>
		<width>700</width>
		<height>600</height>
		<depth>3</depth>
	</size>
	<segmented>0</segmented>
	<object>
		<name>rat</name>
		<pose>Unspecified</pose>
		<truncated>0</truncated>
		<difficult>0</difficult>
		<bndbox>
			<xmin>77</xmin>
			<ymin>84</ymin>
			<xmax>509</xmax>
			<ymax>253</ymax>
		</bndbox>
	</object>
	<object>
		<name>rat</name>
		<pose>Unspecified</pose>
		<truncated>0</truncated>
		<difficult>0</difficult>
		<bndbox>
			<xmin>224</xmin>
			<ymin>261</ymin>
			<xmax>616</xmax>
			<ymax>507</ymax>
		</bndbox>
	</object>
</annotation>
