<annotation>
	<folder>rats</folder>
	<filename>ratte108-resimage_v-variantBig24x9_w-1024-w3024.jpg</filename>
	<path>/home/bnc/Bilderkennung/collection/rats/ratte108-resimage_v-variantBig24x9_w-1024-w3024.jpg</path>
	<source>
		<database>Unknown</database>
	</source>
	<size>
		<width>1024</width>
		<height>384</height>
		<depth>3</depth>
	</size>
	<segmented>0</segmented>
	<object>
		<name>rat</name>
		<pose>Unspecified</pose>
		<truncated>1</truncated>
		<difficult>0</difficult>
		<bndbox>
			<xmin>231</xmin>
			<ymin>5</ymin>
			<xmax>1003</xmax>
			<ymax>384</ymax>
		</bndbox>
	</object>
</annotation>
