<annotation>
	<folder>rats</folder>
	<filename>ratte-t9130-w3031.jpg</filename>
	<path>/home/bnc/Bilderkennung/collection/rats/ratte-t9130-w3031.jpg</path>
	<source>
		<database>Unknown</database>
	</source>
	<size>
		<width>738</width>
		<height>415</height>
		<depth>3</depth>
	</size>
	<segmented>0</segmented>
	<object>
		<name>rat</name>
		<pose>Unspecified</pose>
		<truncated>0</truncated>
		<difficult>0</difficult>
		<bndbox>
			<xmin>131</xmin>
			<ymin>75</ymin>
			<xmax>478</xmax>
			<ymax>413</ymax>
		</bndbox>
	</object>
</annotation>
