<annotation>
	<folder>rats</folder>
	<filename>ratte00491A.jpg</filename>
	<path>/home/bnc/Bilderkennung/collection/rats/ratte00491A.jpg</path>
	<source>
		<database>Unknown</database>
	</source>
	<size>
		<width>850</width>
		<height>566</height>
		<depth>3</depth>
	</size>
	<segmented>0</segmented>
	<object>
		<name>rat</name>
		<pose>Unspecified</pose>
		<truncated>0</truncated>
		<difficult>0</difficult>
		<bndbox>
			<xmin>102</xmin>
			<ymin>52</ymin>
			<xmax>785</xmax>
			<ymax>476</ymax>
		</bndbox>
	</object>
</annotation>
