<annotation>
	<folder>rats</folder>
	<filename>Ratte-aus-Gullydeckel-befreit-Jetzt-gibt-es-sogar-T-Shirts-der-Fat-German-Rat_reference_4_3-w2969.jpg</filename>
	<path>/home/bnc/Bilderkennung/collection/rats/Ratte-aus-Gullydeckel-befreit-Jetzt-gibt-es-sogar-T-Shirts-der-Fat-German-Rat_reference_4_3-w2969.jpg</path>
	<source>
		<database>Unknown</database>
	</source>
	<size>
		<width>800</width>
		<height>600</height>
		<depth>3</depth>
	</size>
	<segmented>0</segmented>
	<object>
		<name>rat</name>
		<pose>Unspecified</pose>
		<truncated>0</truncated>
		<difficult>0</difficult>
		<bndbox>
			<xmin>242</xmin>
			<ymin>144</ymin>
			<xmax>543</xmax>
			<ymax>465</ymax>
		</bndbox>
	</object>
</annotation>
