<annotation>
	<folder>rats</folder>
	<filename>ratte_full.jpg</filename>
	<path>/home/bnc/Bilderkennung/collection/rats/ratte_full.jpg</path>
	<source>
		<database>Unknown</database>
	</source>
	<size>
		<width>1098</width>
		<height>618</height>
		<depth>3</depth>
	</size>
	<segmented>0</segmented>
	<object>
		<name>rat</name>
		<pose>Unspecified</pose>
		<truncated>0</truncated>
		<difficult>0</difficult>
		<bndbox>
			<xmin>87</xmin>
			<ymin>27</ymin>
			<xmax>896</xmax>
			<ymax>554</ymax>
		</bndbox>
	</object>
</annotation>
