<annotation>
	<folder>rats</folder>
	<filename>rattenempathieg-w2991.jpg</filename>
	<path>/home/bnc/Bilderkennung/collection/rats/rattenempathieg-w2991.jpg</path>
	<source>
		<database>Unknown</database>
	</source>
	<size>
		<width>1000</width>
		<height>518</height>
		<depth>3</depth>
	</size>
	<segmented>0</segmented>
	<object>
		<name>rat</name>
		<pose>Unspecified</pose>
		<truncated>0</truncated>
		<difficult>0</difficult>
		<bndbox>
			<xmin>44</xmin>
			<ymin>31</ymin>
			<xmax>713</xmax>
			<ymax>489</ymax>
		</bndbox>
	</object>
</annotation>
