<annotation>
	<folder>rats</folder>
	<filename>ratte-wildpark-schwarze-berge-e1519747261829-1000x792.jpg</filename>
	<path>/home/bnc/Bilderkennung/collection/rats/ratte-wildpark-schwarze-berge-e1519747261829-1000x792.jpg</path>
	<source>
		<database>Unknown</database>
	</source>
	<size>
		<width>1000</width>
		<height>792</height>
		<depth>3</depth>
	</size>
	<segmented>0</segmented>
	<object>
		<name>rat</name>
		<pose>Unspecified</pose>
		<truncated>0</truncated>
		<difficult>0</difficult>
		<bndbox>
			<xmin>158</xmin>
			<ymin>82</ymin>
			<xmax>888</xmax>
			<ymax>633</ymax>
		</bndbox>
	</object>
</annotation>
