<annotation>
	<folder>rats</folder>
	<filename>ratte-w2975.jpg</filename>
	<path>/home/bnc/Bilderkennung/collection/rats/ratte-w2975.jpg</path>
	<source>
		<database>Unknown</database>
	</source>
	<size>
		<width>750</width>
		<height>486</height>
		<depth>3</depth>
	</size>
	<segmented>0</segmented>
	<object>
		<name>rat</name>
		<pose>Unspecified</pose>
		<truncated>0</truncated>
		<difficult>0</difficult>
		<bndbox>
			<xmin>62</xmin>
			<ymin>73</ymin>
			<xmax>446</xmax>
			<ymax>476</ymax>
		</bndbox>
	</object>
</annotation>
