<annotation>
	<folder>rats</folder>
	<filename>rattus-norvegicus_750x422.jpg</filename>
	<path>/home/bnc/Bilderkennung/collection/rats/rattus-norvegicus_750x422.jpg</path>
	<source>
		<database>Unknown</database>
	</source>
	<size>
		<width>750</width>
		<height>422</height>
		<depth>3</depth>
	</size>
	<segmented>0</segmented>
	<object>
		<name>rat</name>
		<pose>Unspecified</pose>
		<truncated>0</truncated>
		<difficult>0</difficult>
		<bndbox>
			<xmin>49</xmin>
			<ymin>20</ymin>
			<xmax>709</xmax>
			<ymax>390</ymax>
		</bndbox>
	</object>
</annotation>
