<annotation>
	<folder>rats</folder>
	<filename>Ratten-im-Kaefig-in-Stadthaeger-Wald-entsorgt-Polizei-ermittelt_big_teaser_article.jpg</filename>
	<path>/home/bnc/Bilderkennung/collection/rats/Ratten-im-Kaefig-in-Stadthaeger-Wald-entsorgt-Polizei-ermittelt_big_teaser_article.jpg</path>
	<source>
		<database>Unknown</database>
	</source>
	<size>
		<width>760</width>
		<height>380</height>
		<depth>3</depth>
	</size>
	<segmented>0</segmented>
	<object>
		<name>rat</name>
		<pose>Unspecified</pose>
		<truncated>1</truncated>
		<difficult>0</difficult>
		<bndbox>
			<xmin>70</xmin>
			<ymin>2</ymin>
			<xmax>486</xmax>
			<ymax>380</ymax>
		</bndbox>
	</object>
</annotation>
