<annotation>
	<folder>rats</folder>
	<filename>Ratte-w3000.jpg</filename>
	<path>/home/bnc/Bilderkennung/collection/rats/Ratte-w3000.jpg</path>
	<source>
		<database>Unknown</database>
	</source>
	<size>
		<width>600</width>
		<height>360</height>
		<depth>3</depth>
	</size>
	<segmented>0</segmented>
	<object>
		<name>rat</name>
		<pose>Unspecified</pose>
		<truncated>0</truncated>
		<difficult>0</difficult>
		<bndbox>
			<xmin>121</xmin>
			<ymin>18</ymin>
			<xmax>499</xmax>
			<ymax>346</ymax>
		</bndbox>
	</object>
</annotation>
