<annotation>
	<folder>rats</folder>
	<filename>rattenplage-sie-koennen-im-schlimmsten-fall-sogar-krankheiten-uebertragen--w2967.jpg</filename>
	<path>/home/bnc/Bilderkennung/collection/rats/rattenplage-sie-koennen-im-schlimmsten-fall-sogar-krankheiten-uebertragen--w2967.jpg</path>
	<source>
		<database>Unknown</database>
	</source>
	<size>
		<width>636</width>
		<height>636</height>
		<depth>3</depth>
	</size>
	<segmented>0</segmented>
	<object>
		<name>rat</name>
		<pose>Unspecified</pose>
		<truncated>0</truncated>
		<difficult>0</difficult>
		<bndbox>
			<xmin>102</xmin>
			<ymin>116</ymin>
			<xmax>548</xmax>
			<ymax>593</ymax>
		</bndbox>
	</object>
</annotation>
