<annotation>
	<folder>rats</folder>
	<filename>ratte-haustier-w3006.jpg</filename>
	<path>/home/bnc/Bilderkennung/collection/rats/ratte-haustier-w3006.jpg</path>
	<source>
		<database>Unknown</database>
	</source>
	<size>
		<width>1000</width>
		<height>667</height>
		<depth>3</depth>
	</size>
	<segmented>0</segmented>
	<object>
		<name>rat</name>
		<pose>Unspecified</pose>
		<truncated>0</truncated>
		<difficult>0</difficult>
		<bndbox>
			<xmin>183</xmin>
			<ymin>143</ymin>
			<xmax>588</xmax>
			<ymax>468</ymax>
		</bndbox>
	</object>
</annotation>
