<annotation>
	<folder>rats</folder>
	<filename>ratte-106.jpg</filename>
	<path>/home/bnc/Bilderkennung/collection/rats/ratte-106.jpg</path>
	<source>
		<database>Unknown</database>
	</source>
	<size>
		<width>994</width>
		<height>558</height>
		<depth>3</depth>
	</size>
	<segmented>0</segmented>
	<object>
		<name>rat</name>
		<pose>Unspecified</pose>
		<truncated>0</truncated>
		<difficult>0</difficult>
		<bndbox>
			<xmin>302</xmin>
			<ymin>13</ymin>
			<xmax>787</xmax>
			<ymax>485</ymax>
		</bndbox>
	</object>
</annotation>
