<annotation>
	<folder>rats</folder>
	<filename>ratte-708x300.jpg</filename>
	<path>/home/bnc/Bilderkennung/collection/rats/ratte-708x300.jpg</path>
	<source>
		<database>Unknown</database>
	</source>
	<size>
		<width>708</width>
		<height>300</height>
		<depth>3</depth>
	</size>
	<segmented>0</segmented>
	<object>
		<name>rat</name>
		<pose>Unspecified</pose>
		<truncated>0</truncated>
		<difficult>0</difficult>
		<bndbox>
			<xmin>135</xmin>
			<ymin>74</ymin>
			<xmax>471</xmax>
			<ymax>263</ymax>
		</bndbox>
	</object>
</annotation>
