<annotation>
	<folder>rats</folder>
	<filename>ratte_slider-w3021.jpg</filename>
	<path>/home/bnc/Bilderkennung/collection/rats/ratte_slider-w3021.jpg</path>
	<source>
		<database>Unknown</database>
	</source>
	<size>
		<width>670</width>
		<height>350</height>
		<depth>3</depth>
	</size>
	<segmented>0</segmented>
	<object>
		<name>rat</name>
		<pose>Unspecified</pose>
		<truncated>1</truncated>
		<difficult>0</difficult>
		<bndbox>
			<xmin>102</xmin>
			<ymin>1</ymin>
			<xmax>433</xmax>
			<ymax>334</ymax>
		</bndbox>
	</object>
</annotation>
