<annotation>
	<folder>rats</folder>
	<filename>Rattenjungs-w3025.jpg</filename>
	<path>/home/bnc/Bilderkennung/collection/rats/Rattenjungs-w3025.jpg</path>
	<source>
		<database>Unknown</database>
	</source>
	<size>
		<width>720</width>
		<height>700</height>
		<depth>3</depth>
	</size>
	<segmented>0</segmented>
	<object>
		<name>rat</name>
		<pose>Unspecified</pose>
		<truncated>0</truncated>
		<difficult>0</difficult>
		<bndbox>
			<xmin>164</xmin>
			<ymin>156</ymin>
			<xmax>595</xmax>
			<ymax>637</ymax>
		</bndbox>
	</object>
</annotation>
