<annotation>
	<folder>rats</folder>
	<filename>ratten-vertreiben-header-mobile-14804-0-w2989.jpg</filename>
	<path>/home/bnc/Bilderkennung/collection/rats/ratten-vertreiben-header-mobile-14804-0-w2989.jpg</path>
	<source>
		<database>Unknown</database>
	</source>
	<size>
		<width>640</width>
		<height>480</height>
		<depth>3</depth>
	</size>
	<segmented>0</segmented>
	<object>
		<name>rat</name>
		<pose>Unspecified</pose>
		<truncated>0</truncated>
		<difficult>0</difficult>
		<bndbox>
			<xmin>91</xmin>
			<ymin>57</ymin>
			<xmax>522</xmax>
			<ymax>378</ymax>
		</bndbox>
	</object>
</annotation>
