<annotation>
	<folder>rats</folder>
	<filename>Ratte-1-w3068.jpg</filename>
	<path>/home/bnc/Bilderkennung/collection/rats/Ratte-1-w3068.jpg</path>
	<source>
		<database>Unknown</database>
	</source>
	<size>
		<width>800</width>
		<height>800</height>
		<depth>3</depth>
	</size>
	<segmented>0</segmented>
	<object>
		<name>rat</name>
		<pose>Unspecified</pose>
		<truncated>0</truncated>
		<difficult>0</difficult>
		<bndbox>
			<xmin>145</xmin>
			<ymin>106</ymin>
			<xmax>661</xmax>
			<ymax>661</ymax>
		</bndbox>
	</object>
</annotation>
