<annotation>
	<folder>rats</folder>
	<filename>ratten-im-garten-erkennen-frisch-rattenbekampfung-stadt-koln-of-ratten-im-garten-erkennen.jpg</filename>
	<path>/home/bnc/Bilderkennung/collection/rats/ratten-im-garten-erkennen-frisch-rattenbekampfung-stadt-koln-of-ratten-im-garten-erkennen.jpg</path>
	<source>
		<database>Unknown</database>
	</source>
	<size>
		<width>800</width>
		<height>600</height>
		<depth>3</depth>
	</size>
	<segmented>0</segmented>
	<object>
		<name>rat</name>
		<pose>Unspecified</pose>
		<truncated>0</truncated>
		<difficult>0</difficult>
		<bndbox>
			<xmin>186</xmin>
			<ymin>13</ymin>
			<xmax>677</xmax>
			<ymax>443</ymax>
		</bndbox>
	</object>
</annotation>
