<annotation>
	<folder>rats</folder>
	<filename>ratten1_318475a-768x432.jpg</filename>
	<path>/home/bnc/Bilderkennung/collection/rats/ratten1_318475a-768x432.jpg</path>
	<source>
		<database>Unknown</database>
	</source>
	<size>
		<width>768</width>
		<height>432</height>
		<depth>3</depth>
	</size>
	<segmented>0</segmented>
	<object>
		<name>rat</name>
		<pose>Unspecified</pose>
		<truncated>0</truncated>
		<difficult>0</difficult>
		<bndbox>
			<xmin>80</xmin>
			<ymin>62</ymin>
			<xmax>466</xmax>
			<ymax>269</ymax>
		</bndbox>
	</object>
</annotation>
