<annotation>
	<folder>rats</folder>
	<filename>ratten-vertreiben-hausmittel-ohne-gift.jpg</filename>
	<path>/home/bnc/Bilderkennung/collection/rats/ratten-vertreiben-hausmittel-ohne-gift.jpg</path>
	<source>
		<database>Unknown</database>
	</source>
	<size>
		<width>980</width>
		<height>734</height>
		<depth>3</depth>
	</size>
	<segmented>0</segmented>
	<object>
		<name>rat</name>
		<pose>Unspecified</pose>
		<truncated>0</truncated>
		<difficult>0</difficult>
		<bndbox>
			<xmin>349</xmin>
			<ymin>201</ymin>
			<xmax>889</xmax>
			<ymax>554</ymax>
		</bndbox>
	</object>
</annotation>
