<annotation>
	<folder>rats</folder>
	<filename>ratte-w3046.jpg</filename>
	<path>/home/bnc/Bilderkennung/collection/rats/ratte-w3046.jpg</path>
	<source>
		<database>Unknown</database>
	</source>
	<size>
		<width>1200</width>
		<height>696</height>
		<depth>3</depth>
	</size>
	<segmented>0</segmented>
	<object>
		<name>rat</name>
		<pose>Unspecified</pose>
		<truncated>0</truncated>
		<difficult>0</difficult>
		<bndbox>
			<xmin>340</xmin>
			<ymin>111</ymin>
			<xmax>804</xmax>
			<ymax>526</ymax>
		</bndbox>
	</object>
</annotation>
