<annotation>
	<folder>rats</folder>
	<filename>Ratte_2_HP067e5d2c0cd740fe68193edea6af40fe-w3043.jpg</filename>
	<path>/home/bnc/Bilderkennung/collection/rats/Ratte_2_HP067e5d2c0cd740fe68193edea6af40fe-w3043.jpg</path>
	<source>
		<database>Unknown</database>
	</source>
	<size>
		<width>960</width>
		<height>640</height>
		<depth>3</depth>
	</size>
	<segmented>0</segmented>
	<object>
		<name>rat</name>
		<pose>Unspecified</pose>
		<truncated>0</truncated>
		<difficult>0</difficult>
		<bndbox>
			<xmin>252</xmin>
			<ymin>239</ymin>
			<xmax>672</xmax>
			<ymax>635</ymax>
		</bndbox>
	</object>
</annotation>
