<annotation>
	<folder>rats</folder>
	<filename>ratten-ernaehrung-181071040-istock.jpg</filename>
	<path>/home/bnc/Bilderkennung/collection/rats/ratten-ernaehrung-181071040-istock.jpg</path>
	<source>
		<database>Unknown</database>
	</source>
	<size>
		<width>700</width>
		<height>465</height>
		<depth>3</depth>
	</size>
	<segmented>0</segmented>
	<object>
		<name>rat</name>
		<pose>Unspecified</pose>
		<truncated>0</truncated>
		<difficult>0</difficult>
		<bndbox>
			<xmin>11</xmin>
			<ymin>108</ymin>
			<xmax>181</xmax>
			<ymax>422</ymax>
		</bndbox>
	</object>
	<object>
		<name>rat</name>
		<pose>Unspecified</pose>
		<truncated>0</truncated>
		<difficult>0</difficult>
		<bndbox>
			<xmin>154</xmin>
			<ymin>95</ymin>
			<xmax>280</xmax>
			<ymax>272</ymax>
		</bndbox>
	</object>
	<object>
		<name>rat</name>
		<pose>Unspecified</pose>
		<truncated>0</truncated>
		<difficult>0</difficult>
		<bndbox>
			<xmin>242</xmin>
			<ymin>107</ymin>
			<xmax>414</xmax>
			<ymax>347</ymax>
		</bndbox>
	</object>
	<object>
		<name>rat</name>
		<pose>Unspecified</pose>
		<truncated>0</truncated>
		<difficult>0</difficult>
		<bndbox>
			<xmin>428</xmin>
			<ymin>142</ymin>
			<xmax>646</xmax>
			<ymax>319</ymax>
		</bndbox>
	</object>
</annotation>
