<annotation>
	<folder>rats</folder>
	<filename>ratten-maeuse.jpg</filename>
	<path>/home/bnc/Bilderkennung/collection/rats/ratten-maeuse.jpg</path>
	<source>
		<database>Unknown</database>
	</source>
	<size>
		<width>1024</width>
		<height>683</height>
		<depth>3</depth>
	</size>
	<segmented>0</segmented>
	<object>
		<name>rat</name>
		<pose>Unspecified</pose>
		<truncated>0</truncated>
		<difficult>0</difficult>
		<bndbox>
			<xmin>205</xmin>
			<ymin>159</ymin>
			<xmax>653</xmax>
			<ymax>529</ymax>
		</bndbox>
	</object>
</annotation>
