<annotation>
	<folder>rats</folder>
	<filename>rattus-rattus-rat-noir.jpg</filename>
	<path>/home/bnc/Bilderkennung/collection/rats/rattus-rattus-rat-noir.jpg</path>
	<source>
		<database>Unknown</database>
	</source>
	<size>
		<width>1024</width>
		<height>1024</height>
		<depth>3</depth>
	</size>
	<segmented>0</segmented>
	<object>
		<name>rat</name>
		<pose>Unspecified</pose>
		<truncated>0</truncated>
		<difficult>0</difficult>
		<bndbox>
			<xmin>66</xmin>
			<ymin>91</ymin>
			<xmax>911</xmax>
			<ymax>957</ymax>
		</bndbox>
	</object>
</annotation>
