<annotation>
	<folder>rats</folder>
	<filename>ratte-pb-w3028.jpg</filename>
	<path>/home/bnc/Bilderkennung/collection/rats/ratte-pb-w3028.jpg</path>
	<source>
		<database>Unknown</database>
	</source>
	<size>
		<width>1000</width>
		<height>667</height>
		<depth>3</depth>
	</size>
	<segmented>0</segmented>
	<object>
		<name>rat</name>
		<pose>Unspecified</pose>
		<truncated>0</truncated>
		<difficult>0</difficult>
		<bndbox>
			<xmin>205</xmin>
			<ymin>166</ymin>
			<xmax>581</xmax>
			<ymax>427</ymax>
		</bndbox>
	</object>
</annotation>
