<annotation>
	<folder>rats</folder>
	<filename>ratte-w3009.jpg</filename>
	<path>/home/bnc/Bilderkennung/collection/rats/ratte-w3009.jpg</path>
	<source>
		<database>Unknown</database>
	</source>
	<size>
		<width>580</width>
		<height>360</height>
		<depth>3</depth>
	</size>
	<segmented>0</segmented>
	<object>
		<name>rat</name>
		<pose>Unspecified</pose>
		<truncated>0</truncated>
		<difficult>0</difficult>
		<bndbox>
			<xmin>14</xmin>
			<ymin>145</ymin>
			<xmax>499</xmax>
			<ymax>325</ymax>
		</bndbox>
	</object>
</annotation>
