<annotation>
	<folder>rats</folder>
	<filename>ratte-im-garten_2.jpg</filename>
	<path>/home/bnc/Bilderkennung/collection/rats/ratte-im-garten_2.jpg</path>
	<source>
		<database>Unknown</database>
	</source>
	<size>
		<width>600</width>
		<height>400</height>
		<depth>3</depth>
	</size>
	<segmented>0</segmented>
	<object>
		<name>rat</name>
		<pose>Unspecified</pose>
		<truncated>0</truncated>
		<difficult>0</difficult>
		<bndbox>
			<xmin>18</xmin>
			<ymin>103</ymin>
			<xmax>401</xmax>
			<ymax>374</ymax>
		</bndbox>
	</object>
</annotation>
