<annotation>
	<folder>rats</folder>
	<filename>ratte_steckbrief_l-w3045.jpg</filename>
	<path>/home/bnc/Bilderkennung/collection/rats/ratte_steckbrief_l-w3045.jpg</path>
	<source>
		<database>Unknown</database>
	</source>
	<size>
		<width>720</width>
		<height>480</height>
		<depth>3</depth>
	</size>
	<segmented>0</segmented>
	<object>
		<name>rat</name>
		<pose>Unspecified</pose>
		<truncated>0</truncated>
		<difficult>0</difficult>
		<bndbox>
			<xmin>7</xmin>
			<ymin>4</ymin>
			<xmax>635</xmax>
			<ymax>456</ymax>
		</bndbox>
	</object>
</annotation>
