<annotation>
	<folder>rats</folder>
	<filename>Ratte-w2995.jpg</filename>
	<path>/home/bnc/Bilderkennung/collection/rats/Ratte-w2995.jpg</path>
	<source>
		<database>Unknown</database>
	</source>
	<size>
		<width>948</width>
		<height>473</height>
		<depth>3</depth>
	</size>
	<segmented>0</segmented>
	<object>
		<name>rat</name>
		<pose>Unspecified</pose>
		<truncated>0</truncated>
		<difficult>0</difficult>
		<bndbox>
			<xmin>455</xmin>
			<ymin>57</ymin>
			<xmax>868</xmax>
			<ymax>417</ymax>
		</bndbox>
	</object>
</annotation>
