<annotation>
	<folder>rats</folder>
	<filename>ratte-124_3840x2160-w3034.jpg</filename>
	<path>/home/bnc/Bilderkennung/collection/rats/ratte-124_3840x2160-w3034.jpg</path>
	<source>
		<database>Unknown</database>
	</source>
	<size>
		<width>700</width>
		<height>400</height>
		<depth>3</depth>
	</size>
	<segmented>0</segmented>
	<object>
		<name>rat</name>
		<pose>Unspecified</pose>
		<truncated>0</truncated>
		<difficult>0</difficult>
		<bndbox>
			<xmin>173</xmin>
			<ymin>13</ymin>
			<xmax>477</xmax>
			<ymax>361</ymax>
		</bndbox>
	</object>
</annotation>
