<annotation>
	<folder>rats</folder>
	<filename>ratte.5922192-w2977.jpg</filename>
	<path>/home/bnc/Bilderkennung/collection/rats/ratte.5922192-w2977.jpg</path>
	<source>
		<database>Unknown</database>
	</source>
	<size>
		<width>800</width>
		<height>487</height>
		<depth>3</depth>
	</size>
	<segmented>0</segmented>
	<object>
		<name>rat</name>
		<pose>Unspecified</pose>
		<truncated>0</truncated>
		<difficult>0</difficult>
		<bndbox>
			<xmin>142</xmin>
			<ymin>18</ymin>
			<xmax>753</xmax>
			<ymax>400</ymax>
		</bndbox>
	</object>
</annotation>
