<annotation>
	<folder>rats</folder>
	<filename>Ratte-w3035.jpg</filename>
	<path>/home/bnc/Bilderkennung/collection/rats/Ratte-w3035.jpg</path>
	<source>
		<database>Unknown</database>
	</source>
	<size>
		<width>762</width>
		<height>428</height>
		<depth>3</depth>
	</size>
	<segmented>0</segmented>
	<object>
		<name>rat</name>
		<pose>Unspecified</pose>
		<truncated>0</truncated>
		<difficult>0</difficult>
		<bndbox>
			<xmin>163</xmin>
			<ymin>34</ymin>
			<xmax>593</xmax>
			<ymax>343</ymax>
		</bndbox>
	</object>
</annotation>
