<annotation>
	<folder>rats</folder>
	<filename>Ratte-Fotolia_68431244-w2996.jpg</filename>
	<path>/home/bnc/Bilderkennung/collection/rats/Ratte-Fotolia_68431244-w2996.jpg</path>
	<source>
		<database>Unknown</database>
	</source>
	<size>
		<width>1000</width>
		<height>669</height>
		<depth>3</depth>
	</size>
	<segmented>0</segmented>
	<object>
		<name>rat</name>
		<pose>Unspecified</pose>
		<truncated>0</truncated>
		<difficult>0</difficult>
		<bndbox>
			<xmin>325</xmin>
			<ymin>141</ymin>
			<xmax>890</xmax>
			<ymax>619</ymax>
		</bndbox>
	</object>
</annotation>
