<annotation>
	<folder>rats</folder>
	<filename>ratten-bilder-110__v-gseapremiumxl-w2998.jpg</filename>
	<path>/home/bnc/Bilderkennung/collection/rats/ratten-bilder-110__v-gseapremiumxl-w2998.jpg</path>
	<source>
		<database>Unknown</database>
	</source>
	<size>
		<width>704</width>
		<height>396</height>
		<depth>3</depth>
	</size>
	<segmented>0</segmented>
	<object>
		<name>rat</name>
		<pose>Unspecified</pose>
		<truncated>0</truncated>
		<difficult>0</difficult>
		<bndbox>
			<xmin>131</xmin>
			<ymin>4</ymin>
			<xmax>676</xmax>
			<ymax>381</ymax>
		</bndbox>
	</object>
</annotation>
