<annotation>
	<folder>rats</folder>
	<filename>Ratte-aus-guly-Quelle-rockstroh-gmbh-c8b8a177eeb72adga5b9bb7baa07c1c9@2x-w3054.jpg</filename>
	<path>/home/bnc/Bilderkennung/collection/rats/Ratte-aus-guly-Quelle-rockstroh-gmbh-c8b8a177eeb72adga5b9bb7baa07c1c9@2x-w3054.jpg</path>
	<source>
		<database>Unknown</database>
	</source>
	<size>
		<width>518</width>
		<height>388</height>
		<depth>3</depth>
	</size>
	<segmented>0</segmented>
	<object>
		<name>rat</name>
		<pose>Unspecified</pose>
		<truncated>0</truncated>
		<difficult>0</difficult>
		<bndbox>
			<xmin>82</xmin>
			<ymin>138</ymin>
			<xmax>303</xmax>
			<ymax>361</ymax>
		</bndbox>
	</object>
</annotation>
