<annotation>
	<folder>rats</folder>
	<filename>rattegullideckel-w3019.jpg</filename>
	<path>/home/bnc/Bilderkennung/collection/rats/rattegullideckel-w3019.jpg</path>
	<source>
		<database>Unknown</database>
	</source>
	<size>
		<width>600</width>
		<height>600</height>
		<depth>3</depth>
	</size>
	<segmented>0</segmented>
	<object>
		<name>rat</name>
		<pose>Unspecified</pose>
		<truncated>0</truncated>
		<difficult>0</difficult>
		<bndbox>
			<xmin>116</xmin>
			<ymin>69</ymin>
			<xmax>459</xmax>
			<ymax>539</ymax>
		</bndbox>
	</object>
</annotation>
