<annotation>
	<folder>rats</folder>
	<filename>ratte_holzblock_rdax_720x316_80-w3049.jpg</filename>
	<path>/home/bnc/Bilderkennung/collection/rats/ratte_holzblock_rdax_720x316_80-w3049.jpg</path>
	<source>
		<database>Unknown</database>
	</source>
	<size>
		<width>720</width>
		<height>316</height>
		<depth>3</depth>
	</size>
	<segmented>0</segmented>
	<object>
		<name>rat</name>
		<pose>Unspecified</pose>
		<truncated>0</truncated>
		<difficult>0</difficult>
		<bndbox>
			<xmin>140</xmin>
			<ymin>95</ymin>
			<xmax>570</xmax>
			<ymax>254</ymax>
		</bndbox>
	</object>
</annotation>
