<annotation>
	<folder>rats</folder>
	<filename>ratte-w3014.jpg</filename>
	<path>/home/bnc/Bilderkennung/collection/rats/ratte-w3014.jpg</path>
	<source>
		<database>Unknown</database>
	</source>
	<size>
		<width>800</width>
		<height>437</height>
		<depth>3</depth>
	</size>
	<segmented>0</segmented>
	<object>
		<name>rat</name>
		<pose>Unspecified</pose>
		<truncated>0</truncated>
		<difficult>0</difficult>
		<bndbox>
			<xmin>6</xmin>
			<ymin>62</ymin>
			<xmax>790</xmax>
			<ymax>400</ymax>
		</bndbox>
	</object>
</annotation>
