<annotation>
	<folder>rats</folder>
	<filename>Ratte1-e1412784064202-2220x1000-w2983.jpg</filename>
	<path>/home/bnc/Bilderkennung/collection/rats/Ratte1-e1412784064202-2220x1000-w2983.jpg</path>
	<source>
		<database>Unknown</database>
	</source>
	<size>
		<width>1110</width>
		<height>500</height>
		<depth>3</depth>
	</size>
	<segmented>0</segmented>
	<object>
		<name>rat</name>
		<pose>Unspecified</pose>
		<truncated>1</truncated>
		<difficult>0</difficult>
		<bndbox>
			<xmin>5</xmin>
			<ymin>3</ymin>
			<xmax>1110</xmax>
			<ymax>500</ymax>
		</bndbox>
	</object>
</annotation>
