<annotation>
	<folder>rats</folder>
	<filename>ratte-DW-Wissenschaft-Stockholm-jpg-w3010.jpg</filename>
	<path>/home/bnc/Bilderkennung/collection/rats/ratte-DW-Wissenschaft-Stockholm-jpg-w3010.jpg</path>
	<source>
		<database>Unknown</database>
	</source>
	<size>
		<width>650</width>
		<height>636</height>
		<depth>3</depth>
	</size>
	<segmented>0</segmented>
	<object>
		<name>rat</name>
		<pose>Unspecified</pose>
		<truncated>0</truncated>
		<difficult>0</difficult>
		<bndbox>
			<xmin>38</xmin>
			<ymin>9</ymin>
			<xmax>578</xmax>
			<ymax>613</ymax>
		</bndbox>
	</object>
</annotation>
