<annotation>
	<folder>rats</folder>
	<filename>ratte156_v-quadratl.jpg</filename>
	<path>/home/bnc/Bilderkennung/collection/rats/ratte156_v-quadratl.jpg</path>
	<source>
		<database>Unknown</database>
	</source>
	<size>
		<width>900</width>
		<height>900</height>
		<depth>3</depth>
	</size>
	<segmented>0</segmented>
	<object>
		<name>rat</name>
		<pose>Unspecified</pose>
		<truncated>0</truncated>
		<difficult>0</difficult>
		<bndbox>
			<xmin>4</xmin>
			<ymin>72</ymin>
			<xmax>879</xmax>
			<ymax>805</ymax>
		</bndbox>
	</object>
</annotation>
