<annotation>
	<folder>rats</folder>
	<filename>Ratte-20.jpg</filename>
	<path>/home/bnc/Bilderkennung/collection/rats/Ratte-20.jpg</path>
	<source>
		<database>Unknown</database>
	</source>
	<size>
		<width>960</width>
		<height>640</height>
		<depth>3</depth>
	</size>
	<segmented>0</segmented>
	<object>
		<name>rat</name>
		<pose>Unspecified</pose>
		<truncated>0</truncated>
		<difficult>0</difficult>
		<bndbox>
			<xmin>392</xmin>
			<ymin>292</ymin>
			<xmax>599</xmax>
			<ymax>411</ymax>
		</bndbox>
	</object>
</annotation>
