<annotation>
	<folder>rats</folder>
	<filename>Ref94c5a81f024fbc592cc1b2c7aefdbf.jpg</filename>
	<path>/home/bnc/Bilderkennung/collection/rats/Ref94c5a81f024fbc592cc1b2c7aefdbf.jpg</path>
	<source>
		<database>Unknown</database>
	</source>
	<size>
		<width>600</width>
		<height>400</height>
		<depth>3</depth>
	</size>
	<segmented>0</segmented>
	<object>
		<name>rat</name>
		<pose>Unspecified</pose>
		<truncated>0</truncated>
		<difficult>0</difficult>
		<bndbox>
			<xmin>180</xmin>
			<ymin>50</ymin>
			<xmax>488</xmax>
			<ymax>391</ymax>
		</bndbox>
	</object>
</annotation>
