<annotation>
	<folder>rats</folder>
	<filename>rexfeatures_3272875a.jpg</filename>
	<path>/home/bnc/Bilderkennung/collection/rats/rexfeatures_3272875a.jpg</path>
	<source>
		<database>Unknown</database>
	</source>
	<size>
		<width>483</width>
		<height>317</height>
		<depth>3</depth>
	</size>
	<segmented>0</segmented>
	<object>
		<name>rat</name>
		<pose>Unspecified</pose>
		<truncated>0</truncated>
		<difficult>0</difficult>
		<bndbox>
			<xmin>77</xmin>
			<ymin>59</ymin>
			<xmax>293</xmax>
			<ymax>312</ymax>
		</bndbox>
	</object>
</annotation>
