<annotation>
	<folder>rats</folder>
	<filename>roof-rats.jpg</filename>
	<path>/home/bnc/Bilderkennung/collection/rats/roof-rats.jpg</path>
	<source>
		<database>Unknown</database>
	</source>
	<size>
		<width>760</width>
		<height>480</height>
		<depth>3</depth>
	</size>
	<segmented>0</segmented>
	<object>
		<name>rat</name>
		<pose>Unspecified</pose>
		<truncated>0</truncated>
		<difficult>0</difficult>
		<bndbox>
			<xmin>34</xmin>
			<ymin>142</ymin>
			<xmax>436</xmax>
			<ymax>404</ymax>
		</bndbox>
	</object>
</annotation>
