<annotation>
	<folder>rats</folder>
	<filename>shutterstock_83474830.1481928227.jpg</filename>
	<path>/home/bnc/Bilderkennung/collection/rats/shutterstock_83474830.1481928227.jpg</path>
	<source>
		<database>Unknown</database>
	</source>
	<size>
		<width>544</width>
		<height>400</height>
		<depth>3</depth>
	</size>
	<segmented>0</segmented>
	<object>
		<name>rat</name>
		<pose>Unspecified</pose>
		<truncated>0</truncated>
		<difficult>0</difficult>
		<bndbox>
			<xmin>5</xmin>
			<ymin>4</ymin>
			<xmax>392</xmax>
			<ymax>342</ymax>
		</bndbox>
	</object>
</annotation>
