<annotation>
	<folder>rats</folder>
	<filename>Stadt-Garbsen-laesst-Ratten-bekaempfen_big_teaser_article.jpg</filename>
	<path>/home/bnc/Bilderkennung/collection/rats/Stadt-Garbsen-laesst-Ratten-bekaempfen_big_teaser_article.jpg</path>
	<source>
		<database>Unknown</database>
	</source>
	<size>
		<width>760</width>
		<height>380</height>
		<depth>3</depth>
	</size>
	<segmented>0</segmented>
	<object>
		<name>rat</name>
		<pose>Unspecified</pose>
		<truncated>0</truncated>
		<difficult>0</difficult>
		<bndbox>
			<xmin>243</xmin>
			<ymin>109</ymin>
			<xmax>520</xmax>
			<ymax>372</ymax>
		</bndbox>
	</object>
</annotation>
