<annotation>
	<folder>rats</folder>
	<filename>sws_contentdesktop.jpg</filename>
	<path>/home/bnc/Bilderkennung/collection/rats/sws_contentdesktop.jpg</path>
	<source>
		<database>Unknown</database>
	</source>
	<size>
		<width>1170</width>
		<height>550</height>
		<depth>3</depth>
	</size>
	<segmented>0</segmented>
	<object>
		<name>rat</name>
		<pose>Unspecified</pose>
		<truncated>0</truncated>
		<difficult>0</difficult>
		<bndbox>
			<xmin>113</xmin>
			<ymin>32</ymin>
			<xmax>887</xmax>
			<ymax>467</ymax>
		</bndbox>
	</object>
</annotation>
