<annotation>
	<folder>rats</folder>
	<filename>unnamed-w2917.jpg</filename>
	<path>/home/bnc/Bilderkennung/collection/rats/unnamed-w2917.jpg</path>
	<source>
		<database>Unknown</database>
	</source>
	<size>
		<width>512</width>
		<height>288</height>
		<depth>3</depth>
	</size>
	<segmented>0</segmented>
	<object>
		<name>rat</name>
		<pose>Unspecified</pose>
		<truncated>0</truncated>
		<difficult>0</difficult>
		<bndbox>
			<xmin>36</xmin>
			<ymin>2</ymin>
			<xmax>244</xmax>
			<ymax>271</ymax>
		</bndbox>
	</object>
	<object>
		<name>rat</name>
		<pose>Unspecified</pose>
		<truncated>0</truncated>
		<difficult>0</difficult>
		<bndbox>
			<xmin>243</xmin>
			<ymin>30</ymin>
			<xmax>427</xmax>
			<ymax>279</ymax>
		</bndbox>
	</object>
</annotation>
