<annotation>
	<folder>rats</folder>
	<filename>Viele_Ratten_in_einem_Tempel_oder_Kirche.png</filename>
	<path>/home/bnc/Bilderkennung/collection/rats/Viele_Ratten_in_einem_Tempel_oder_Kirche.png</path>
	<source>
		<database>Unknown</database>
	</source>
	<size>
		<width>1200</width>
		<height>900</height>
		<depth>3</depth>
	</size>
	<segmented>0</segmented>
	<object>
		<name>rat</name>
		<pose>Unspecified</pose>
		<truncated>0</truncated>
		<difficult>0</difficult>
		<bndbox>
			<xmin>539</xmin>
			<ymin>464</ymin>
			<xmax>698</xmax>
			<ymax>614</ymax>
		</bndbox>
	</object>
	<object>
		<name>rat</name>
		<pose>Unspecified</pose>
		<truncated>0</truncated>
		<difficult>0</difficult>
		<bndbox>
			<xmin>707</xmin>
			<ymin>398</ymin>
			<xmax>866</xmax>
			<ymax>503</ymax>
		</bndbox>
	</object>
	<object>
		<name>rat</name>
		<pose>Unspecified</pose>
		<truncated>0</truncated>
		<difficult>0</difficult>
		<bndbox>
			<xmin>35</xmin>
			<ymin>453</ymin>
			<xmax>345</xmax>
			<ymax>639</ymax>
		</bndbox>
	</object>
	<object>
		<name>rat</name>
		<pose>Unspecified</pose>
		<truncated>0</truncated>
		<difficult>0</difficult>
		<bndbox>
			<xmin>264</xmin>
			<ymin>413</ymin>
			<xmax>415</xmax>
			<ymax>585</ymax>
		</bndbox>
	</object>
	<object>
		<name>rat</name>
		<pose>Unspecified</pose>
		<truncated>0</truncated>
		<difficult>0</difficult>
		<bndbox>
			<xmin>397</xmin>
			<ymin>416</ymin>
			<xmax>511</xmax>
			<ymax>536</ymax>
		</bndbox>
	</object>
	<object>
		<name>rat</name>
		<pose>Unspecified</pose>
		<truncated>0</truncated>
		<difficult>0</difficult>
		<bndbox>
			<xmin>535</xmin>
			<ymin>388</ymin>
			<xmax>721</xmax>
			<ymax>472</ymax>
		</bndbox>
	</object>
</annotation>
