<annotation>
	<folder>rats</folder>
	<filename>viele-ratten-BM-Berlin-London-jpg.jpg</filename>
	<path>/home/bnc/Bilderkennung/collection/rats/viele-ratten-BM-Berlin-London-jpg.jpg</path>
	<source>
		<database>Unknown</database>
	</source>
	<size>
		<width>1024</width>
		<height>1001</height>
		<depth>3</depth>
	</size>
	<segmented>0</segmented>
	<object>
		<name>rat</name>
		<pose>Unspecified</pose>
		<truncated>0</truncated>
		<difficult>0</difficult>
		<bndbox>
			<xmin>484</xmin>
			<ymin>606</ymin>
			<xmax>837</xmax>
			<ymax>982</ymax>
		</bndbox>
	</object>
	<object>
		<name>rat</name>
		<pose>Unspecified</pose>
		<truncated>0</truncated>
		<difficult>0</difficult>
		<bndbox>
			<xmin>435</xmin>
			<ymin>389</ymin>
			<xmax>757</xmax>
			<ymax>644</ymax>
		</bndbox>
	</object>
	<object>
		<name>rat</name>
		<pose>Unspecified</pose>
		<truncated>0</truncated>
		<difficult>0</difficult>
		<bndbox>
			<xmin>104</xmin>
			<ymin>561</ymin>
			<xmax>272</xmax>
			<ymax>845</ymax>
		</bndbox>
	</object>
	<object>
		<name>rat</name>
		<pose>Unspecified</pose>
		<truncated>0</truncated>
		<difficult>0</difficult>
		<bndbox>
			<xmin>151</xmin>
			<ymin>172</ymin>
			<xmax>365</xmax>
			<ymax>323</ymax>
		</bndbox>
	</object>
	<object>
		<name>rat</name>
		<pose>Unspecified</pose>
		<truncated>0</truncated>
		<difficult>0</difficult>
		<bndbox>
			<xmin>384</xmin>
			<ymin>177</ymin>
			<xmax>673</xmax>
			<ymax>446</ymax>
		</bndbox>
	</object>
</annotation>
