<annotation>
	<folder>rats</folder>
	<filename>wanderratten.jpg</filename>
	<path>/home/bnc/Bilderkennung/collection/rats/wanderratten.jpg</path>
	<source>
		<database>Unknown</database>
	</source>
	<size>
		<width>673</width>
		<height>258</height>
		<depth>3</depth>
	</size>
	<segmented>0</segmented>
	<object>
		<name>rat</name>
		<pose>Unspecified</pose>
		<truncated>0</truncated>
		<difficult>0</difficult>
		<bndbox>
			<xmin>28</xmin>
			<ymin>33</ymin>
			<xmax>599</xmax>
			<ymax>246</ymax>
		</bndbox>
	</object>
</annotation>
