<annotation>
	<folder>rats</folder>
	<filename>wanderratte_rattus-norvegicus_7.jpg</filename>
	<path>/home/bnc/Bilderkennung/collection/rats/wanderratte_rattus-norvegicus_7.jpg</path>
	<source>
		<database>Unknown</database>
	</source>
	<size>
		<width>600</width>
		<height>356</height>
		<depth>3</depth>
	</size>
	<segmented>0</segmented>
	<object>
		<name>rat</name>
		<pose>Unspecified</pose>
		<truncated>0</truncated>
		<difficult>0</difficult>
		<bndbox>
			<xmin>17</xmin>
			<ymin>37</ymin>
			<xmax>459</xmax>
			<ymax>331</ymax>
		</bndbox>
	</object>
</annotation>
