<annotation>
	<folder>rats</folder>
	<filename>xxl_ratten_10-w3059.jpg</filename>
	<path>/home/bnc/Bilderkennung/collection/rats/xxl_ratten_10-w3059.jpg</path>
	<source>
		<database>Unknown</database>
	</source>
	<size>
		<width>800</width>
		<height>534</height>
		<depth>3</depth>
	</size>
	<segmented>0</segmented>
	<object>
		<name>rat</name>
		<pose>Unspecified</pose>
		<truncated>1</truncated>
		<difficult>0</difficult>
		<bndbox>
			<xmin>16</xmin>
			<ymin>18</ymin>
			<xmax>744</xmax>
			<ymax>534</ymax>
		</bndbox>
	</object>
</annotation>
