<annotation>
	<folder>rats</folder>
	<filename>zwei-suesse-farbratten-shutterstock-Eric-Isselee.jpg</filename>
	<path>/home/bnc/Bilderkennung/collection/rats/zwei-suesse-farbratten-shutterstock-Eric-Isselee.jpg</path>
	<source>
		<database>Unknown</database>
	</source>
	<size>
		<width>800</width>
		<height>600</height>
		<depth>3</depth>
	</size>
	<segmented>0</segmented>
	<object>
		<name>rat</name>
		<pose>Unspecified</pose>
		<truncated>0</truncated>
		<difficult>0</difficult>
		<bndbox>
			<xmin>308</xmin>
			<ymin>99</ymin>
			<xmax>780</xmax>
			<ymax>584</ymax>
		</bndbox>
	</object>
	<object>
		<name>rat</name>
		<pose>Unspecified</pose>
		<truncated>0</truncated>
		<difficult>0</difficult>
		<bndbox>
			<xmin>57</xmin>
			<ymin>50</ymin>
			<xmax>415</xmax>
			<ymax>387</ymax>
		</bndbox>
	</object>
</annotation>
